h_name	t_name	type	source	relation	split
ABALON	TPX2	protein_coding	enhancer		
ABALON	ID1	transcription_factor	enhancer		
MALAT1	LTBP3	protein_coding	enhancer	transcriptional regulation	train
MALAT1	MAP3K11	protein_coding	enhancer		
MALAT1	NEAT1	lncRNA	enhancer		
ASB16-AS1	GRN	protein_coding	enhancer		
RAD51-AS1	RAD51	protein_coding	enhancer	transcriptional regulation	train
TNK2-AS1	TFRC	protein_coding	enhancer		
FBXL19-AS1	SETD1A	protein_coding	enhancer		
ERICD	CHRAC1	protein_coding	enhancer		
ILF3-DT	ATG4D	protein_coding	enhancer		
AGAP2-AS1	OS9	protein_coding	enhancer		
SNHG8	METTL14	protein_coding	enhancer		
SOD2-OT1	WTAP	protein_coding	enhancer		
SNHG20	SRSF2	protein_coding	enhancer		
MELTF-AS1	MELTF	protein_coding	enhancer		
RAB11B-AS1	ANGPTL4	protein_coding	enhancer		
SNHG9	E4F1	transcription_factor	enhancer		
NEAT1	LTBP3	protein_coding	enhancer		
NEAT1	MAP3K11	protein_coding	enhancer		
RGMB-AS1	RGMB	protein_coding	enhancer	expression association	train
RAB11B-AS1	RAB11B	protein_coding	enhancer	interact with mRNA	train
NEAT1	MALAT1	lncRNA	enhancer		
CCAT1	UBE2C	protein_coding	CRISPR		
CCAT1	HMGB2	transcription_factor	CRISPR		
CCAT1	CCNA2	protein_coding	CRISPR		
CCAT1	NCAPH	protein_coding	CRISPR		
CCAT1	MELK	protein_coding	CRISPR		
CCAT1	MYBL2	transcription_factor	CRISPR		
CCAT1	NEK2	protein_coding	CRISPR		
CCAT1	PTTG1	protein_coding	CRISPR		
CCAT1	CCNB2	protein_coding	CRISPR		
CCAT1	CDK1	protein_coding	CRISPR	ceRNA or sponge	train
CCAT1	AURKB	protein_coding	CRISPR		
CCAT1	GINS2	protein_coding	CRISPR		
CCAT1	NCAPG	protein_coding	CRISPR		
CCAT1	CEP55	protein_coding	CRISPR		
CCAT1	CDCA3	protein_coding	CRISPR		
CCAT1	FOXM1	transcription_factor	CRISPR		
CCAT1	CKS1B	protein_coding	CRISPR		
CCAT1	PLK1	protein_coding	CRISPR	ceRNA or sponge	train
CCAT1	NUSAP1	protein_coding	CRISPR		
CCAT1	BUB1B	protein_coding	CRISPR	ceRNA or sponge	train
CCAT1	MYC	transcription_factor	CRISPR	expression association	valid
CCAT1	CDC20	protein_coding	CRISPR		
CCAT1	GPRC5A	protein_coding	CRISPR		
CCAT1	S100P	protein_coding	CRISPR		
CCAT1	ABCC3	protein_coding	CRISPR		
CCAT1	GDF15	protein_coding	CRISPR		
CCAT1	CDKN1A	protein_coding	CRISPR	expression association	test
CCAT1	WNT10B	protein_coding	CRISPR		
CCAT1	LINC00052	lncRNA	CRISPR		
CCAT1	HEY1	transcription_factor	CRISPR		
CCAT1	TERT	protein_coding	CRISPR		
CCAT1	DNMT3B	protein_coding	CRISPR		
CCAT1	LYAR	protein_coding	CRISPR		
CCAT1	PDK1	protein_coding	CRISPR		
CCAT1	FKBP5	protein_coding	CRISPR		
CCAT1	VPS9D1-AS1	lncRNA	CRISPR		
CCAT1	PLA2G4A	protein_coding	CRISPR		
CCAT1	SNCA	protein_coding	CRISPR		
CCAT1	NPM1	protein_coding	CRISPR		
CCAT1	SLC25A15	protein_coding	CRISPR		
CCAT1	AGR2	protein_coding	CRISPR		
CCAT1	SNHG1	lncRNA	CRISPR		
CCAT1	PLK4	protein_coding	CRISPR		
CCAT1	SAPCD2	protein_coding	CRISPR		
CCAT1	NES	protein_coding	CRISPR		
CCAT1	ID2	transcription_factor	CRISPR		
CCAT1	HMGB1	transcription_factor	CRISPR		
CCAT1	CYCS	protein_coding	CRISPR		
CCAT1	CDC25A	protein_coding	CRISPR		
CCAT1	AP1S2	protein_coding	CRISPR		
CCAT1	C1QBP	protein_coding	CRISPR		
CCAT1	CASP9	protein_coding	CRISPR		
CCAT1	TFAM	transcription_factor	CRISPR		
CCAT1	HMGB3	transcription_factor	CRISPR		
CCAT1	HDAC2	protein_coding	CRISPR		
CCAT1	GLO1	protein_coding	CRISPR		
CCAT1	SNHG5	lncRNA	CRISPR		
CCAT1	SNHG15	lncRNA	CRISPR		
CCAT1	ATF4	transcription_factor	CRISPR		
CCAT1	PA2G4	protein_coding	CRISPR		
CCAT1	OIP5	protein_coding	CRISPR		
CCAT1	ABCE1	protein_coding	CRISPR		
CCAT1	DANCR	lncRNA	CRISPR		
CCAT1	PTBP2	protein_coding	CRISPR		
CCAT1	SNHG12	lncRNA	CRISPR		
CCAT1	EIF4EBP1	protein_coding	CRISPR		
CCAT1	ZFAS1	lncRNA	CRISPR		
CCAT1	GPD1L	protein_coding	CRISPR		
CCAT1	ILF2	protein_coding	CRISPR		
CCAT1	CCT6A	protein_coding	CRISPR		
CCAT1	SUB1	transcription_factor	CRISPR		
CCAT1	PEG10	protein_coding	CRISPR		
CCAT1	GAS5	lncRNA	CRISPR		
CCAT1	CBS	protein_coding	CRISPR		
CCAT1	DKC1	protein_coding	CRISPR		
CCAT1	TMPO	protein_coding	CRISPR		
CCAT1	PRMT1	protein_coding	CRISPR		
CCAT1	HSP90AA1	protein_coding	CRISPR		
CCAT1	SLBP	protein_coding	CRISPR		
CCAT1	SNHG8	lncRNA	CRISPR		
CCAT1	SRSF1	protein_coding	CRISPR		
CCAT1	RRM1	protein_coding	CRISPR		
CCAT1	SYNCRIP	protein_coding	CRISPR		
CCAT1	CUL4A	protein_coding	CRISPR		
CCAT1	ACTN4	protein_coding	CRISPR		
CCAT1	CLU	protein_coding	CRISPR		
CCAT1	LASP1	protein_coding	CRISPR		
CCAT1	TIMP3	protein_coding	CRISPR		
CCAT1	MCAM	protein_coding	CRISPR		
CCAT1	MMP15	protein_coding	CRISPR		
CCAT1	IGF1R	protein_coding	CRISPR		
CCAT1	SLC7A5	protein_coding	CRISPR		
CCAT1	NFE2L1	transcription_factor	CRISPR		
CCAT1	EGFR	protein_coding	CRISPR		
CCAT1	STAT3	transcription_factor	CRISPR	ceRNA or sponge	train
CCAT1	PPP1R10	protein_coding	CRISPR		
CCAT1	PXN	protein_coding	CRISPR		
CCAT1	NEU1	protein_coding	CRISPR		
CCAT1	ITGA6	protein_coding	CRISPR		
CCAT1	SLC20A1	protein_coding	CRISPR		
CCAT1	AFAP1	protein_coding	CRISPR		
CCAT1	SRGAP1	protein_coding	CRISPR		
CCAT1	JAK1	protein_coding	CRISPR		
CCAT1	ICAM1	protein_coding	CRISPR		
CCAT1	LRG1	protein_coding	CRISPR		
CCAT1	ABCG2	protein_coding	CRISPR		
CCAT1	TNFRSF10B	protein_coding	CRISPR		
CCAT1	CALCOCO1	protein_coding	CRISPR		
CCAT1	SQSTM1	protein_coding	CRISPR		
CCAT1	NRP1	protein_coding	CRISPR		
CCAT1	NNMT	protein_coding	CRISPR		
CCAT1	EPHX1	protein_coding	CRISPR		
CCAT1	ITGB1	protein_coding	CRISPR		
CCAT1	HIF1A	transcription_factor	CRISPR		
CCAT1	ZNF703	protein_coding	CRISPR		
CCAT1	EP300	protein_coding	CRISPR		
CCAT1	BMP1	protein_coding	CRISPR		
CCAT1	CREBBP	protein_coding	CRISPR		
CCAT1	SRGN	protein_coding	CRISPR		
CCAT1	TNFAIP3	protein_coding	CRISPR		
CCAT1	LYPD3	protein_coding	CRISPR		
CCAT1	HES2	transcription_factor	CRISPR		
CCAT1	DRAM1	protein_coding	CRISPR		
CCAT1	LINC00319	lncRNA	CRISPR		
CCAT1	ITGA5	protein_coding	CRISPR		
CCAT1	LAMB3	protein_coding	CRISPR		
CCAT1	PHLDA1	protein_coding	CRISPR		
CCAT1	GRN	protein_coding	CRISPR		
CCAT1	STIM1	protein_coding	CRISPR		
CCAT1	MYH9	protein_coding	CRISPR		
CCAT1	FOSL2	transcription_factor	CRISPR		
CCAT1	STAT1	transcription_factor	CRISPR		
CCAT1	ZNFX1	protein_coding	CRISPR		
CCAT1	JAG1	protein_coding	CRISPR		
CCAT1	BCL2L1	protein_coding	CRISPR	ceRNA or sponge	valid
CCAT1	SMOC1	protein_coding	CRISPR		
CCAT1	DNAJB9	protein_coding	CRISPR		
CCAT1	SLC2A1	protein_coding	CRISPR		
CCAT1	FLNB	protein_coding	CRISPR		
CCAT1	ITGAV	protein_coding	CRISPR		
CCAT1	AXL	protein_coding	CRISPR		
CCAT1	NT5E	protein_coding	CRISPR		
CCAT1	IL18	protein_coding	CRISPR		
CCAT1	OLR1	protein_coding	CRISPR		
CCAT1	CCDC80	protein_coding	CRISPR		
CCAT1	TGFBI	protein_coding	CRISPR		
CCAT1	DUSP4	protein_coding	CRISPR		
CCAT1	GLS	protein_coding	CRISPR		
CCAT1	EHD2	protein_coding	CRISPR		
CCAT1	CDKN2B	protein_coding	CRISPR		
CCAT1	ECM1	protein_coding	CRISPR		
CCAT1	C1QTNF1-AS1	lncRNA	CRISPR		
CCAT1	KRT7	protein_coding	CRISPR		
CCAT1	DUSP1	protein_coding	CRISPR		
CCAT1	KRT14	protein_coding	CRISPR		
CCAT1	TGFBR2	protein_coding	CRISPR		
CCAT1	TIMP2	protein_coding	CRISPR		
CCAT1	EPAS1	protein_coding	CRISPR		
CCAT1	ABCA1	protein_coding	CRISPR		
CCAT1	LOXL2	protein_coding	CRISPR		
CCAT1	FGF2	protein_coding	CRISPR		
CCAT1	OSMR	protein_coding	CRISPR		
CCAT1	PDCD1LG2	protein_coding	CRISPR		
CCAT1	FAM83A	protein_coding	CRISPR		
CCAT1	MUC1	protein_coding	CRISPR		
CCAT1	PLK2	protein_coding	CRISPR		
CCAT1	SLC7A11	protein_coding	CRISPR		
CCAT1	STAT2	transcription_factor	CRISPR		
CCAT1	LINC00886	lncRNA	CRISPR		
CCAT1	ITGB4	protein_coding	CRISPR		
CCAT1	WNT7B	protein_coding	CRISPR		
CCAT1	PLSCR4	protein_coding	CRISPR		
CCAT1	DKK1	protein_coding	CRISPR		
CCAT1	ACTA2	protein_coding	CRISPR		
CCAT1	LINC00968	lncRNA	CRISPR		
CCAT1	ITGA3	protein_coding	CRISPR		
CCAT1	TP53INP1	protein_coding	CRISPR		
CCAT1	WNT5A	protein_coding	CRISPR		
CCAT1	ITGB8	protein_coding	CRISPR		
CCAT1	OASL	protein_coding	CRISPR		
CCAT1	EPHA2	protein_coding	CRISPR		
CCAT1	AKR1B1	protein_coding	CRISPR		
CCAT1	IFIT2	protein_coding	CRISPR		
CCAT1	PAPPA	protein_coding	CRISPR		
CCAT1	AKR1B10	protein_coding	CRISPR		
CCAT1	ANKRD1	protein_coding	CRISPR		
CCAT1	THBS1	protein_coding	CRISPR		
CCAT1	SERPINE1	protein_coding	CRISPR		
CCAT1	IL7R	protein_coding	CRISPR		
CCAT1	IFI27	protein_coding	CRISPR		
CCAT1	SUSD2	protein_coding	CRISPR		
CCAT1	CCL5	protein_coding	CRISPR		
CCAT1	OAS2	protein_coding	CRISPR		
CCAT1	KRT17	protein_coding	CRISPR		
EPB41L4A-AS1	SCD	protein_coding	CRISPR		
EPB41L4A-AS1	PHGDH	protein_coding	CRISPR		
EPB41L4A-AS1	CCND1	protein_coding	CRISPR		
EPB41L4A-AS1	MALAT1	lncRNA	CRISPR		
EPB41L4A-AS1	DDIT3	transcription_factor	CRISPR		
EPB41L4A-AS1	EGR1	transcription_factor	CRISPR		
LAMTOR5-AS1	DUSP1	protein_coding	CRISPR		
LAMTOR5-AS1	GPRC5A	protein_coding	CRISPR		
LAMTOR5-AS1	NEU1	protein_coding	CRISPR		
LAMTOR5-AS1	FMNL2	protein_coding	CRISPR		
LAMTOR5-AS1	BRI3	protein_coding	CRISPR		
LAMTOR5-AS1	SLC2A3	protein_coding	CRISPR		
LAMTOR5-AS1	PPARGC1A	protein_coding	CRISPR		
LAMTOR5-AS1	SQSTM1	protein_coding	CRISPR		
LAMTOR5-AS1	TXNIP	protein_coding	CRISPR		
LAMTOR5-AS1	BHLHE40	transcription_factor	CRISPR		
LAMTOR5-AS1	EPAS1	protein_coding	CRISPR		
LAMTOR5-AS1	S100P	protein_coding	CRISPR		
LAMTOR5-AS1	NKD2	protein_coding	CRISPR		
LAMTOR5-AS1	PIM1	protein_coding	CRISPR		
LAMTOR5-AS1	NEAT1	lncRNA	CRISPR		
LAMTOR5-AS1	GRN	protein_coding	CRISPR		
LAMTOR5-AS1	GDF15	protein_coding	CRISPR		
LAMTOR5-AS1	PDK4	protein_coding	CRISPR		
LAMTOR5-AS1	GPNMB	protein_coding	CRISPR		
MIR17HG	OASL	protein_coding	CRISPR		
MIR17HG	CCL5	protein_coding	CRISPR		
MIR210HG	SCD	protein_coding	CRISPR		
MIR210HG	ATF3	transcription_factor	CRISPR		
PVT1	TNFRSF1B	protein_coding	CRISPR		
PVT1	HMGA1	transcription_factor	CRISPR		
PVT1	WNT7B	protein_coding	CRISPR		
PVT1	SPHK1	protein_coding	CRISPR		
PVT1	FOSL1	transcription_factor	CRISPR		
PVT1	PAX8	transcription_factor	CRISPR		
PVT1	MDK	protein_coding	CRISPR		
PVT1	EPHA2	protein_coding	CRISPR		
PVT1	E2F1	transcription_factor	CRISPR		
PVT1	ID1	transcription_factor	CRISPR		
PVT1	LIMK1	protein_coding	CRISPR		
PVT1	CDT1	protein_coding	CRISPR		
PVT1	CCND1	protein_coding	CRISPR	expression association	train
PVT1	IL11	protein_coding	CRISPR		
PVT1	CAMK2N2	protein_coding	CRISPR		
PVT1	SPRY2	protein_coding	CRISPR		
PVT1	SQSTM1	protein_coding	CRISPR		
PVT1	BRI3	protein_coding	CRISPR		
PVT1	PIN1	protein_coding	CRISPR		
PVT1	BAD	protein_coding	CRISPR		
PVT1	SEMA7A	protein_coding	CRISPR		
PVT1	BCL2L1	protein_coding	CRISPR		
PVT1	ARHGDIA	protein_coding	CRISPR		
PVT1	ANXA11	protein_coding	CRISPR		
PVT1	SIVA1	protein_coding	CRISPR		
PVT1	CDC34	protein_coding	CRISPR		
PVT1	ACOT7	protein_coding	CRISPR		
PVT1	HMOX1	protein_coding	CRISPR		
PVT1	MCM5	protein_coding	CRISPR		
PVT1	PGK1	protein_coding	CRISPR		
PVT1	COL1A1	protein_coding	CRISPR		
PVT1	LOXL2	protein_coding	CRISPR		
PVT1	GOLM1	protein_coding	CRISPR		
PVT1	HSPA5	protein_coding	CRISPR		
PVT1	NDRG1	protein_coding	CRISPR		
PVT1	SERPINH1	protein_coding	CRISPR		
PVT1	SCD	protein_coding	CRISPR		
PVT1	LAMC1	protein_coding	CRISPR		
PVT1	SLC2A1	protein_coding	CRISPR	ceRNA or sponge	train
PVT1	COL1A2	protein_coding	CRISPR		
PVT1	CTNND1	protein_coding	CRISPR		
PVT1	P4HA2	protein_coding	CRISPR		
PVT1	PEG10	protein_coding	CRISPR		
PVT1	KDM5B	transcription_factor	CRISPR		
PVT1	BCAT1	protein_coding	CRISPR		
PVT1	LRIG1	protein_coding	CRISPR		
PVT1	SMAD3	transcription_factor	CRISPR	ceRNA or sponge	train
PVT1	STC1	protein_coding	CRISPR		
PVT1	HILPDA	protein_coding	CRISPR	ceRNA or sponge	train
PVT1	OSMR	protein_coding	CRISPR		
PVT1	TFRC	protein_coding	CRISPR	ceRNA or sponge	train
PVT1	ETS1	transcription_factor	CRISPR		
PVT1	PDK1	protein_coding	CRISPR		
PVT1	CDK19	protein_coding	CRISPR		
PVT1	MAPK6	protein_coding	CRISPR		
PVT1	TCF12	transcription_factor	CRISPR		
PVT1	HK2	protein_coding	CRISPR	ceRNA or sponge	train
PVT1	HELZ	protein_coding	CRISPR		
PVT1	ATM	protein_coding	CRISPR		
PVT1	ADAM12	protein_coding	CRISPR		
PVT1	SPARC	protein_coding	CRISPR		
PVT1	EGFR	protein_coding	CRISPR		
PVT1	COL6A3	protein_coding	CRISPR		
PVT1	CCNG2	protein_coding	CRISPR		
PVT1	FN1	protein_coding	CRISPR		
PVT1	ROBO1	protein_coding	CRISPR		
PVT1	TRIM44	protein_coding	CRISPR		
PVT1	ROCK1	protein_coding	CRISPR		
PVT1	SEMA5A	protein_coding	CRISPR		
PVT1	TGFBI	protein_coding	CRISPR		
PVT1	GPC6	protein_coding	CRISPR		
PVT1	TXNIP	protein_coding	CRISPR		
PVT1	ERRFI1	protein_coding	CRISPR		
PVT1	IL7R	protein_coding	CRISPR		
PVT1	NFAT5	transcription_factor	CRISPR		
PVT1	LOX	protein_coding	CRISPR		
PVT1	ITPR1	protein_coding	CRISPR		
PVT1	JAG1	protein_coding	CRISPR		
PVT1	CRYBG3	protein_coding	CRISPR		
PVT1	IGFBP5	protein_coding	CRISPR		
PVT1	NEK2	protein_coding	CRISPR		
PVT1	KIF20A	protein_coding	CRISPR		
PVT1	TSPYL4	protein_coding	CRISPR		
PVT1	SMAD1	transcription_factor	CRISPR		
PVT1	MAP4K3	protein_coding	CRISPR		
PVT1	HIF1A	transcription_factor	CRISPR	ceRNA or sponge	valid
PVT1	IL1B	protein_coding	CRISPR		
PVT1	DKK1	protein_coding	CRISPR		
PVT1	PHF6	protein_coding	CRISPR		
PVT1	SOCS5	protein_coding	CRISPR		
PVT1	EREG	protein_coding	CRISPR		
PVT1	KLF5	transcription_factor	CRISPR	ceRNA or sponge	train
PVT1	ADAM9	protein_coding	CRISPR		
PVT1	SNX16	protein_coding	CRISPR		
PVT1	CPEB2	protein_coding	CRISPR		
PVT1	SP3	transcription_factor	CRISPR		
PVT1	RND3	protein_coding	CRISPR		
PVT1	GALNT7	protein_coding	CRISPR		
PVT1	ASPM	protein_coding	CRISPR		
PVT1	CBL	protein_coding	CRISPR		
PVT1	HMMR	protein_coding	CRISPR		
PVT1	ACSL4	protein_coding	CRISPR		
PVT1	ZNF217	transcription_factor	CRISPR		
PVT1	BUB1	protein_coding	CRISPR		
PVT1	LATS1	protein_coding	CRISPR		
PVT1	ATF2	transcription_factor	CRISPR		
PVT1	FOXF1	transcription_factor	CRISPR		
PVT1	EPS8	protein_coding	CRISPR		
PVT1	RB1	protein_coding	CRISPR		
PVT1	TEAD1	transcription_factor	CRISPR		
PVT1	FMR1	protein_coding	CRISPR		
PVT1	LINC00265	lncRNA	CRISPR		
PVT1	ABCA1	protein_coding	CRISPR		
PVT1	GPNMB	protein_coding	CRISPR		
PVT1	CEP55	protein_coding	CRISPR		
PVT1	MKLN1-AS	lncRNA	CRISPR		
PVT1	PLSCR4	protein_coding	CRISPR		
PVT1	KIF23	protein_coding	CRISPR	ceRNA or sponge	train
PVT1	CD164	protein_coding	CRISPR		
PVT1	FBXL3	protein_coding	CRISPR		
PVT1	NRIP1	protein_coding	CRISPR		
PVT1	YES1	protein_coding	CRISPR		
PVT1	NCK1	protein_coding	CRISPR		
PVT1	NFE2L2	transcription_factor	CRISPR		
PVT1	SLC7A11	protein_coding	CRISPR		
PVT1	RBL2	protein_coding	CRISPR		
PVT1	REST	transcription_factor	CRISPR		
PVT1	DCLK1	protein_coding	CRISPR		
PVT1	SMG1	protein_coding	CRISPR		
PVT1	FOXC2	transcription_factor	CRISPR		
PVT1	TWF1	protein_coding	CRISPR		
PVT1	KLF12	transcription_factor	CRISPR		
PVT1	GREM1	protein_coding	CRISPR	ceRNA or sponge	train
PVT1	CENPF	protein_coding	CRISPR		
PVT1	FGD5-AS1	lncRNA	CRISPR		
PVT1	RGS17	protein_coding	CRISPR		
PVT1	CPEB4	protein_coding	CRISPR		
PVT1	TGFBR2	protein_coding	CRISPR		
PVT1	GSKIP	protein_coding	CRISPR		
PVT1	APC	protein_coding	CRISPR		
PVT1	ANGPT1	protein_coding	CRISPR		
PVT1	FUBP3	protein_coding	CRISPR		
PVT1	MKRN3	protein_coding	CRISPR		
PVT1	PLA2G4A	protein_coding	CRISPR		
PVT1	CCNG1	protein_coding	CRISPR		
PVT1	KLF3	transcription_factor	CRISPR		
PVT1	SPIN1	protein_coding	CRISPR		
PVT1	SNHG14	lncRNA	CRISPR		
PVT1	AFF1	transcription_factor	CRISPR		
PVT1	KDM6A	protein_coding	CRISPR		
PVT1	FGF2	protein_coding	CRISPR	ceRNA or sponge	train
PVT1	RICTOR	protein_coding	CRISPR		
PVT1	SATB2	transcription_factor	CRISPR		
PVT1	G3BP2	protein_coding	CRISPR		
PVT1	ZEB2	transcription_factor	CRISPR		
PVT1	BRMS1L	protein_coding	CRISPR		
PVT1	MIR221	miRNA	CRISPR		
PVT1	CENPE	protein_coding	CRISPR		
PVT1	CCDC88A	protein_coding	CRISPR		
PVT1	CCNB1	protein_coding	CRISPR		
PVT1	SIRT1	protein_coding	CRISPR		
PVT1	KLF10	transcription_factor	CRISPR		
PVT1	STAT1	transcription_factor	CRISPR	epigenetic regulation	valid
PVT1	ID2	transcription_factor	CRISPR		
PVT1	SOCS6	protein_coding	CRISPR		
PVT1	SMAD5	transcription_factor	CRISPR		
PVT1	LATS2	protein_coding	CRISPR	epigenetic regulation	train
PVT1	DPYD	protein_coding	CRISPR		
PVT1	CAPN7	protein_coding	CRISPR		
PVT1	SGMS2	protein_coding	CRISPR		
PVT1	RNF38	protein_coding	CRISPR		
PVT1	IGF2BP3	protein_coding	CRISPR		
PVT1	FMNL2	protein_coding	CRISPR		
PVT1	IRS1	protein_coding	CRISPR	ceRNA or sponge	valid
PVT1	XRN2	protein_coding	CRISPR		
PVT1	ACSL1	protein_coding	CRISPR		
PVT1	RAP2A	protein_coding	CRISPR		
PVT1	HDAC9	protein_coding	CRISPR		
PVT1	CFL2	protein_coding	CRISPR		
PVT1	PDPK1	protein_coding	CRISPR		
PVT1	LINC-PINT	lncRNA	CRISPR		
PVT1	SHOX2	transcription_factor	CRISPR		
PVT1	NAMPT	protein_coding	CRISPR		
PVT1	KAT2B	protein_coding	CRISPR		
PVT1	RDX	protein_coding	CRISPR		
PVT1	DHX36	protein_coding	CRISPR		
PVT1	BRCA2	protein_coding	CRISPR		
PVT1	KMT2C	protein_coding	CRISPR		
PVT1	KPNA3	protein_coding	CRISPR		
PVT1	BMPR1A	protein_coding	CRISPR		
PVT1	PDE5A	protein_coding	CRISPR		
PVT1	SYNJ1	protein_coding	CRISPR		
PVT1	PIK3CA	protein_coding	CRISPR		
PVT1	TRPM7	protein_coding	CRISPR		
PVT1	PODXL	protein_coding	CRISPR		
PVT1	PRKDC	protein_coding	CRISPR		
PVT1	GLS	protein_coding	CRISPR		
PVT1	CDK13	protein_coding	CRISPR		
PVT1	GCLM	protein_coding	CRISPR		
PVT1	LRRK2	protein_coding	CRISPR		
PVT1	BUB1B	protein_coding	CRISPR		
PVT1	CCNA2	protein_coding	CRISPR		
PVT1	ARHGAP18	protein_coding	CRISPR		
PVT1	SPP1	protein_coding	CRISPR		
PVT1	SOS1	protein_coding	CRISPR		
PVT1	DNMT3B	protein_coding	CRISPR		
PVT1	NUSAP1	protein_coding	CRISPR		
PVT1	ABI3BP	protein_coding	CRISPR		
PVT1	TP53INP1	protein_coding	CRISPR		
PVT1	DICER1	protein_coding	CRISPR		
PVT1	RAB5A	protein_coding	CRISPR		
PVT1	CDK14	protein_coding	CRISPR		
PVT1	ELF1	transcription_factor	CRISPR		
PVT1	PLK2	protein_coding	CRISPR		
PVT1	FRS2	protein_coding	CRISPR		
PVT1	DYRK1A	protein_coding	CRISPR		
PVT1	BACH1	transcription_factor	CRISPR		
PVT1	WWP1	protein_coding	CRISPR		
PVT1	YAP1	transcription_factor	CRISPR	expression association	valid
PVT1	PTBP2	protein_coding	CRISPR		
PVT1	ADAM10	protein_coding	CRISPR		
PVT1	SUZ12	protein_coding	CRISPR		
PVT1	COMMD8	protein_coding	CRISPR		
PVT1	SATB1	transcription_factor	CRISPR		
PVT1	MYD88	protein_coding	CRISPR		
PVT1	CDKN1B	protein_coding	CRISPR		
PVT1	SETD2	protein_coding	CRISPR		
PVT1	ZNF281	protein_coding	CRISPR		
PVT1	KDM1B	protein_coding	CRISPR		
PVT1	NT5E	protein_coding	CRISPR		
PVT1	SLAIN2	protein_coding	CRISPR		
PVT1	GCLC	protein_coding	CRISPR		
PVT1	HBP1	transcription_factor	CRISPR		
PVT1	EP300	protein_coding	CRISPR		
PVT1	TMPO	protein_coding	CRISPR		
PVT1	GABPA	protein_coding	CRISPR		
PVT1	PBX3	transcription_factor	CRISPR		
PVT1	ITGB3	protein_coding	CRISPR		
PVT1	PUM1	protein_coding	CRISPR		
PVT1	BMPR2	protein_coding	CRISPR		
PVT1	PFN2	protein_coding	CRISPR		
PVT1	BMI1	protein_coding	CRISPR		
PVT1	LINC00641	lncRNA	CRISPR		
PVT1	TSLP	protein_coding	CRISPR		
PVT1	EIF2AK3	protein_coding	CRISPR		
PVT1	MYLIP	protein_coding	CRISPR		
PVT1	WWC2	protein_coding	CRISPR		
PVT1	KDM3A	protein_coding	CRISPR		
PVT1	ZRANB2	protein_coding	CRISPR		
PVT1	RAC2	protein_coding	CRISPR		
PVT1	ARHGAP11A	protein_coding	CRISPR		
PVT1	MAP2K4	protein_coding	CRISPR		
PVT1	MBTD1	protein_coding	CRISPR		
PVT1	USP9X	protein_coding	CRISPR		
PVT1	CCNL1	protein_coding	CRISPR		
PVT1	TRPS1	transcription_factor	CRISPR		
PVT1	KRAS	protein_coding	CRISPR		
PVT1	TGFBR1	protein_coding	CRISPR		
PVT1	RAB1A	protein_coding	CRISPR		
PVT1	TMEFF2	protein_coding	CRISPR		
PVT1	INCENP	protein_coding	CRISPR	ceRNA or sponge	train
PVT1	PRUNE2	protein_coding	CRISPR		
PVT1	CPS1	protein_coding	CRISPR		
PVT1	TJP1	protein_coding	CRISPR		
PVT1	RSF1	protein_coding	CRISPR		
PVT1	SPAG9	protein_coding	CRISPR		
PVT1	E2F8	transcription_factor	CRISPR		
PVT1	NOTCH2	protein_coding	CRISPR	ceRNA or sponge	train
PVT1	PRC1	protein_coding	CRISPR		
PVT1	PRKAA1	protein_coding	CRISPR		
PVT1	SMAD7	transcription_factor	CRISPR		
PVT1	RFX7	transcription_factor	CRISPR		
PVT1	DDX5	protein_coding	CRISPR		
PVT1	CLOCK	transcription_factor	CRISPR		
PVT1	ZFP91	transcription_factor	CRISPR		
PVT1	MAP3K2	protein_coding	CRISPR		
PVT1	AGTR1	protein_coding	CRISPR		
PVT1	VCAN	protein_coding	CRISPR		
PVT1	PHLPP2	protein_coding	CRISPR		
PVT1	E2F3	transcription_factor	CRISPR		
PVT1	KLF13	transcription_factor	CRISPR		
PVT1	HSF2	protein_coding	CRISPR		
PVT1	TP53BP2	protein_coding	CRISPR		
PVT1	HOXB3	transcription_factor	CRISPR		
PVT1	WNK1	protein_coding	CRISPR		
PVT1	AP1S2	protein_coding	CRISPR		
PVT1	VIM-AS1	lncRNA	CRISPR		
PVT1	ADAMTS1	protein_coding	CRISPR		
PVT1	ZFX	transcription_factor	CRISPR		
PVT1	SNAI2	transcription_factor	CRISPR		
PVT1	CASP8	protein_coding	CRISPR		
PVT1	MYO6	protein_coding	CRISPR		
PVT1	RAP1A	protein_coding	CRISPR		
PVT1	ZEB1	transcription_factor	CRISPR		
PVT1	TOP2A	protein_coding	CRISPR		
PVT1	BMF	protein_coding	CRISPR		
PVT1	NCAPH	protein_coding	CRISPR		
PVT1	PSMD10	protein_coding	CRISPR		
PVT1	SKIL	protein_coding	CRISPR		
PVT1	DMTF1	protein_coding	CRISPR		
PVT1	RPS6KB1	protein_coding	CRISPR		
PVT1	SALL1	transcription_factor	CRISPR		
PVT1	MSH2	protein_coding	CRISPR		
PVT1	CYTH3	protein_coding	CRISPR		
PVT1	CDC5L	transcription_factor	CRISPR		
PVT1	CYP26B1	protein_coding	CRISPR		
PVT1	CTNNB1	protein_coding	CRISPR		
PVT1	CBLL1	protein_coding	CRISPR		
PVT1	PLK4	protein_coding	CRISPR		
PVT1	KDM4C	protein_coding	CRISPR		
PVT1	FZD7	protein_coding	CRISPR		
PVT1	SIK1	protein_coding	CRISPR		
PVT1	GFPT1	protein_coding	CRISPR		
PVT1	PPARA	transcription_factor	CRISPR		
PVT1	UGP2	protein_coding	CRISPR		
PVT1	BRAF	protein_coding	CRISPR		
PVT1	TRDMT1	protein_coding	CRISPR		
PVT1	MAPK1	protein_coding	CRISPR	expression association	train
PVT1	WEE1	protein_coding	CRISPR		
PVT1	BDNF	protein_coding	CRISPR		
PVT1	ITGAV	protein_coding	CRISPR		
PVT1	MIR22HG	lncRNA	CRISPR		
PVT1	HIP1	protein_coding	CRISPR		
PVT1	KIF4A	protein_coding	CRISPR		
PVT1	PIK3R1	protein_coding	CRISPR		
PVT1	WTAP	protein_coding	CRISPR		
PVT1	TFAM	transcription_factor	CRISPR		
PVT1	PPARG	transcription_factor	CRISPR		
PVT1	AKAP9	protein_coding	CRISPR		
PVT1	FUT8	protein_coding	CRISPR		
PVT1	SLC7A5	protein_coding	CRISPR		
PVT1	STMN1	protein_coding	CRISPR		
PVT1	HELLS	protein_coding	CRISPR		
PVT1	RAB9A	protein_coding	CRISPR		
PVT1	MAP2K1	protein_coding	CRISPR		
PVT1	TAF1	protein_coding	CRISPR		
PVT1	MAP3K7	protein_coding	CRISPR		
PVT1	TRIM8	protein_coding	CRISPR		
PVT1	RAB22A	protein_coding	CRISPR		
PVT1	ARID1B	transcription_factor	CRISPR		
PVT1	BCLAF1	protein_coding	CRISPR		
PVT1	TIA1	protein_coding	CRISPR		
PVT1	CASP9	protein_coding	CRISPR		
PVT1	TRIM32	protein_coding	CRISPR		
PVT1	MIA3	protein_coding	CRISPR		
PVT1	AFAP1	protein_coding	CRISPR		
PVT1	SGK1	protein_coding	CRISPR		
PVT1	LINC00461	lncRNA	CRISPR		
PVT1	GRB2	protein_coding	CRISPR	ceRNA or sponge	train
PVT1	GSR	protein_coding	CRISPR		
PVT1	PARP9	protein_coding	CRISPR		
PVT1	SIAH1	protein_coding	CRISPR		
PVT1	MTDH	protein_coding	CRISPR		
PVT1	PHLDA1	protein_coding	CRISPR		
PVT1	AKAP12	protein_coding	CRISPR		
PVT1	CDK8	protein_coding	CRISPR		
PVT1	IPO7	protein_coding	CRISPR		
PVT1	ITCH	protein_coding	CRISPR		
PVT1	G3BP1	protein_coding	CRISPR		
PVT1	DHX9	protein_coding	CRISPR		
PVT1	PTK2	protein_coding	CRISPR		
PVT1	MELK	protein_coding	CRISPR		
PVT1	GTSE1	protein_coding	CRISPR		
PVT1	PTBP3	protein_coding	CRISPR		
PVT1	MET	protein_coding	CRISPR	ceRNA or sponge	train
PVT1	ARPP19	protein_coding	CRISPR		
PVT1	ITGB1	protein_coding	CRISPR		
PVT1	MCAM	protein_coding	CRISPR		
PVT1	TM9SF2	protein_coding	CRISPR		
PVT1	PRKD3	protein_coding	CRISPR		
PVT1	BZW1	protein_coding	CRISPR		
PVT1	PFKFB3	protein_coding	CRISPR		
PVT1	KPNA2	protein_coding	CRISPR		
PVT1	SRGN	protein_coding	CRISPR		
PVT1	ABCE1	protein_coding	CRISPR		
PVT1	MEF2A	transcription_factor	CRISPR		
PVT1	PVT1	lncRNA	CRISPR		
PVT1	CREBBP	protein_coding	CRISPR		
PVT1	HMGB2	transcription_factor	CRISPR		
PVT1	IQGAP3	protein_coding	CRISPR		
PVT1	METAP1	protein_coding	CRISPR		
PVT1	NF1	protein_coding	CRISPR		
PVT1	KLF6	transcription_factor	CRISPR		
PVT1	CTBP2	protein_coding	CRISPR		
PVT1	PTP4A1	protein_coding	CRISPR		
PVT1	VEGFA	protein_coding	CRISPR	expression association	test
PVT1	CDK1	protein_coding	CRISPR	ceRNA or sponge	train
PVT1	NONO	protein_coding	CRISPR		
PVT1	HOXC6	transcription_factor	CRISPR		
PVT1	BCL2L2	protein_coding	CRISPR		
PVT1	ATG5	protein_coding	CRISPR		
PVT1	SORBS2	protein_coding	CRISPR		
PVT1	CELF1	protein_coding	CRISPR		
PVT1	SAPCD2	protein_coding	CRISPR		
PVT1	LUCAT1	lncRNA	CRISPR		
PVT1	BHLHE40	transcription_factor	CRISPR		
PVT1	RAF1	protein_coding	CRISPR		
PVT1	KLF7	transcription_factor	CRISPR		
PVT1	PABPC1	protein_coding	CRISPR		
PVT1	ZNF277	protein_coding	CRISPR		
PVT1	SYNCRIP	protein_coding	CRISPR		
PVT1	BRWD1	protein_coding	CRISPR		
PVT1	SMC2	protein_coding	CRISPR		
PVT1	METTL14	protein_coding	CRISPR		
PVT1	WIPF1	protein_coding	CRISPR		
PVT1	CTCF	transcription_factor	CRISPR		
PVT1	TRIB2	protein_coding	CRISPR		
PVT1	SOCS3	protein_coding	CRISPR		
PVT1	HNRNPA2B1	protein_coding	CRISPR		
PVT1	RANBP2	protein_coding	CRISPR		
PVT1	GSK3B	protein_coding	CRISPR		
PVT1	MDM2	protein_coding	CRISPR	ceRNA or sponge	train
PVT1	PLK1	protein_coding	CRISPR		
PVT1	TNRC6A	protein_coding	CRISPR		
PVT1	HMGB1	transcription_factor	CRISPR	ceRNA or sponge	train
PVT1	CHPT1	protein_coding	CRISPR		
PVT1	IQGAP1	protein_coding	CRISPR		
PVT1	CCNB2	protein_coding	CRISPR		
PVT1	SCAMP1	protein_coding	CRISPR		
PVT1	CALCOCO1	protein_coding	CRISPR		
PVT1	GIT2	protein_coding	CRISPR		
PVT1	CDH2	protein_coding	CRISPR		
PVT1	AURKA	protein_coding	CRISPR		
PVT1	PUM2	protein_coding	CRISPR		
PVT1	TPX2	protein_coding	CRISPR		
PVT1	ATG16L1	protein_coding	CRISPR		
PVT1	AP1G1	protein_coding	CRISPR		
PVT1	CRKL	protein_coding	CRISPR		
PVT1	HMGA2	transcription_factor	CRISPR		
PVT1	ATG3	protein_coding	CRISPR	ceRNA or sponge	valid
PVT1	DUSP1	protein_coding	CRISPR		
PVT1	ATF1	transcription_factor	CRISPR		
PVT1	CPT1A	protein_coding	CRISPR		
PVT1	EZR	protein_coding	CRISPR		
PVT1	DDR2	protein_coding	CRISPR		
PVT1	AGGF1	protein_coding	CRISPR		
PVT1	NRP1	protein_coding	CRISPR		
PVT1	CSDE1	transcription_factor	CRISPR		
PVT1	ABL2	protein_coding	CRISPR		
PVT1	ROCK2	protein_coding	CRISPR		
PVT1	SDAD1	protein_coding	CRISPR		
PVT1	PTEN	protein_coding	CRISPR		
PVT1	SMC1A	protein_coding	CRISPR		
PVT1	AKT3	protein_coding	CRISPR		
PVT1	TSPAN3	protein_coding	CRISPR		
PVT1	CBX4	protein_coding	CRISPR		
PVT1	NET1	protein_coding	CRISPR		
PVT1	PIAS3	transcription_factor	CRISPR		
PVT1	CUL4A	protein_coding	CRISPR		
PVT1	ETS2	transcription_factor	CRISPR		
PVT1	NRAS	protein_coding	CRISPR		
PVT1	RAB10	protein_coding	CRISPR		
PVT1	TFDP1	protein_coding	CRISPR		
PVT1	SMAD2	transcription_factor	CRISPR	expression association	train
PVT1	VEGFC	protein_coding	CRISPR		
PVT1	ITGAX	protein_coding	CRISPR		
PVT1	HIPK2	protein_coding	CRISPR		
PVT1	CORO1C	protein_coding	CRISPR		
PVT1	BNIP3	protein_coding	CRISPR	epigenetic regulation	train
PVT1	USP4	protein_coding	CRISPR		
PVT1	TSC1	protein_coding	CRISPR		
PVT1	CALM2	protein_coding	CRISPR		
PVT1	PPP2CA	protein_coding	CRISPR		
PVT1	GTF2H1	protein_coding	CRISPR		
PVT1	STAT2	transcription_factor	CRISPR		
PVT1	CDK7	protein_coding	CRISPR		
PVT1	RAI14	protein_coding	CRISPR		
PVT1	NUMB	protein_coding	CRISPR		
PVT1	FOSL2	transcription_factor	CRISPR		
PVT1	PHGDH	protein_coding	CRISPR		
PVT1	FADS1	protein_coding	CRISPR		
PVT1	CUL4B	protein_coding	CRISPR		
PVT1	MAFG	transcription_factor	CRISPR		
PVT1	MAT2A	protein_coding	CRISPR		
PVT1	STIM1	protein_coding	CRISPR		
PVT1	YY1	transcription_factor	CRISPR		
PVT1	YWHAZ	protein_coding	CRISPR		
PVT1	JUN	transcription_factor	CRISPR		
PVT1	HNRNPK	protein_coding	CRISPR		
PVT1	CDCA3	protein_coding	CRISPR		
PVT1	STAU1	protein_coding	CRISPR		
PVT1	LARP1	protein_coding	CRISPR		
PVT1	SREBF1	transcription_factor	CRISPR		
PVT1	KDM2A	protein_coding	CRISPR		
PVT1	CD44	protein_coding	CRISPR		
PVT1	HNRNPU	protein_coding	CRISPR		
PVT1	TAF15	protein_coding	CRISPR		
PVT1	PGAM1	protein_coding	CRISPR		
PVT1	RGS3	protein_coding	CRISPR		
PVT1	ERP44	protein_coding	CRISPR		
PVT1	PSMC3	protein_coding	CRISPR		
PVT1	ID3	transcription_factor	CRISPR		
PVT1	CUEDC2	protein_coding	CRISPR		
PVT1	IER3	protein_coding	CRISPR		
PVT1	PRDX1	protein_coding	CRISPR		
PVT1	RAB11B	protein_coding	CRISPR		
PVT1	CFL1	protein_coding	CRISPR		
PVT1	FER1L4	pseudogene	CRISPR		
PVT1	GRN	protein_coding	CRISPR		
PVT1	TMEM18	protein_coding	CRISPR		
PVT1	ATG4B	protein_coding	CRISPR		
PVT1	JMJD6	transcription_factor	CRISPR		
PVT1	RAB34	protein_coding	CRISPR	ceRNA or sponge	train
PVT1	OGFR	protein_coding	CRISPR		
PVT1	LINC00963	lncRNA	CRISPR		
PVT1	UFC1	protein_coding	CRISPR		
PVT1	PLP2	protein_coding	CRISPR		
PVT1	NDUFA4	protein_coding	CRISPR		
PVT1	OS9	protein_coding	CRISPR		
PVT1	SMOC1	protein_coding	CRISPR		
PVT1	PFN1	protein_coding	CRISPR		
PVT1	TRIM11	protein_coding	CRISPR		
PVT1	FSCN1	protein_coding	CRISPR	ceRNA or sponge	train
PVT1	VAMP2	protein_coding	CRISPR		
PVT1	CDCA4	protein_coding	CRISPR		
PVT1	RTKN	protein_coding	CRISPR		
PVT1	CAMTA1	transcription_factor	CRISPR		
PVT1	ATF4	transcription_factor	CRISPR		
PVT1	NUTM2A-AS1	lncRNA	CRISPR		
PVT1	ITGA5	protein_coding	CRISPR		
PVT1	SNHG6	lncRNA	CRISPR		
PVT1	SNHG12	lncRNA	CRISPR		
PVT1	APOBEC3C	protein_coding	CRISPR		
PVT1	TRADD	protein_coding	CRISPR		
PVT1	NCOR2	transcription_factor	CRISPR		
PVT1	TNFRSF21	protein_coding	CRISPR		
PVT1	TIMP4	protein_coding	CRISPR		
PVT1	SIRT6	protein_coding	CRISPR		
PVT1	SUV39H1	protein_coding	CRISPR		
PVT1	TATDN2	protein_coding	CRISPR		
PVT1	MIF	protein_coding	CRISPR		
PVT1	NFKBIB	protein_coding	CRISPR		
PVT1	CDK5	protein_coding	CRISPR		
PVT1	MMP19	protein_coding	CRISPR		
PVT1	ERP29	protein_coding	CRISPR		
PVT1	MIR210HG	lncRNA	CRISPR		
PVT1	UCP2	protein_coding	CRISPR		
PVT1	SNHG18	lncRNA	CRISPR		
PVT1	LOXL1-AS1	lncRNA	CRISPR		
PVT1	SLCO4A1	protein_coding	CRISPR		
PVT1	LPCAT1	protein_coding	CRISPR		
PVT1	EHD2	protein_coding	CRISPR		
PVT1	CHI3L1	protein_coding	CRISPR		
PVT1	EPHB2	protein_coding	CRISPR		
PVT1	GAPDH	protein_coding	CRISPR		
PVT1	TUBA1A	protein_coding	CRISPR		
PVT1	PRPF31	protein_coding	CRISPR		
PVT1	EIF5A	protein_coding	CRISPR		
PVT1	CKS1B	protein_coding	CRISPR		
PVT1	HLA-G	protein_coding	CRISPR		
PVT1	DDA1	protein_coding	CRISPR		
PVT1	AURKB	protein_coding	CRISPR		
PVT1	PIK3R3	protein_coding	CRISPR		
PVT1	NF2	protein_coding	CRISPR		
PVT1	TMEM9	protein_coding	CRISPR		
PVT1	FKBP1A	protein_coding	CRISPR		
PVT1	PSMG3-AS1	lncRNA	CRISPR		
PVT1	BATF3	transcription_factor	CRISPR		
PVT1	CDC6	protein_coding	CRISPR		
PVT1	RPL4	protein_coding	CRISPR		
PVT1	TGFB1	protein_coding	CRISPR	expression association	train
PVT1	NES	protein_coding	CRISPR		
PVT1	CAPNS1	protein_coding	CRISPR		
PVT1	DDX11	protein_coding	CRISPR		
PVT1	CADM1	protein_coding	CRISPR		
PVT1	CNN1	protein_coding	CRISPR		
PVT1	TEAD4	transcription_factor	CRISPR		
PVT1	GPX4	protein_coding	CRISPR		
PVT1	TK1	protein_coding	CRISPR		
PVT1	SRA1	protein_coding	CRISPR		
PVT1	IMP3	protein_coding	CRISPR		
PVT1	EPB41L4A-AS1	lncRNA	CRISPR		
PVT1	GAS5	lncRNA	CRISPR		
PVT1	SLC1A5	protein_coding	CRISPR		
PVT1	S100A11	protein_coding	CRISPR		
PVT1	HLA-DRB1	protein_coding	CRISPR		
PVT1	HES1	transcription_factor	CRISPR		
PVT1	PA2G4	protein_coding	CRISPR		
PVT1	BRMS1	protein_coding	CRISPR		
PVT1	NLRX1	protein_coding	CRISPR		
PVT1	FTH1P3	pseudogene	CRISPR		
PVT1	WNT5B	protein_coding	CRISPR		
PVT1	LINC00467	lncRNA	CRISPR		
PVT1	MRPL28	protein_coding	CRISPR	epigenetic regulation	train
PVT1	CLU	protein_coding	CRISPR		
PVT1	CAMK1D	protein_coding	CRISPR		
PVT1	MYBL2	transcription_factor	CRISPR		
PVT1	ADAM19	protein_coding	CRISPR		
PVT1	ARL2	protein_coding	CRISPR	ceRNA or sponge	valid
PVT1	NUDT1	protein_coding	CRISPR		
PVT1	FZD3	protein_coding	CRISPR		
PVT1	SNHG8	lncRNA	CRISPR		
PVT1	WDR18	protein_coding	CRISPR		
PVT1	APOM	protein_coding	CRISPR		
PVT1	SNHG17	lncRNA	CRISPR		
PVT1	EPHX1	protein_coding	CRISPR		
PVT1	ANXA2	protein_coding	CRISPR		
PVT1	ZNF703	protein_coding	CRISPR		
PVT1	RRAS	protein_coding	CRISPR		
PVT1	RPP25	protein_coding	CRISPR		
PVT1	EIF6	protein_coding	CRISPR		
PVT1	E2F2	transcription_factor	CRISPR	ceRNA or sponge	train
PVT1	ABCC3	protein_coding	CRISPR		
PVT1	MIR296	miRNA	CRISPR		
PVT1	PDPN	protein_coding	CRISPR		
PVT1	HRAS	protein_coding	CRISPR		
PVT1	SEC61G	protein_coding	CRISPR		
PVT1	KCNC4	protein_coding	CRISPR		
PVT1	PHF14	protein_coding	CRISPR		
PVT1	COMMD6	protein_coding	CRISPR		
PVT1	LGALS1	protein_coding	CRISPR		
PVT1	FAIM2	protein_coding	CRISPR		
PVT1	RHOC	protein_coding	CRISPR		
PVT1	SNHG7	lncRNA	CRISPR		
PVT1	CD276	protein_coding	CRISPR		
PVT1	COL6A1	protein_coding	CRISPR		
PVT1	GSTP1	protein_coding	CRISPR		
PVT1	PRDX5	protein_coding	CRISPR		
PVT1	FABP5	protein_coding	CRISPR		
PVT1	RBM38	protein_coding	CRISPR		
PVT1	FOXD1	protein_coding	CRISPR		
PVT1	SNHG5	lncRNA	CRISPR		
PVT1	EGLN2	protein_coding	CRISPR		
PVT1	TP53TG1	lncRNA	CRISPR		
PVT1	HAS2-AS1	lncRNA	CRISPR		
PVT1	TIMM8A	protein_coding	CRISPR		
PVT1	ZFAS1	lncRNA	CRISPR		
PVT1	MIR142	miRNA	CRISPR		
PVT1	MAP1LC3A	protein_coding	CRISPR		
PVT1	MT2A	protein_coding	CRISPR		
PVT1	PYCR1	protein_coding	CRISPR		
PVT1	LAMB3	protein_coding	CRISPR		
PVT1	SEMA3B	protein_coding	CRISPR		
PVT1	ARFRP1	protein_coding	CRISPR		
PVT1	RAD51	protein_coding	CRISPR		
PVT1	GINS2	protein_coding	CRISPR		
PVT1	ACTA2	protein_coding	CRISPR		
PVT1	SNHG16	lncRNA	CRISPR		
PVT1	RPL34	protein_coding	CRISPR		
PVT1	SFN	protein_coding	CRISPR		
PVT1	SNHG9	lncRNA	CRISPR		
PVT1	CST3	protein_coding	CRISPR		
PVT1	UBA52	protein_coding	CRISPR		
PVT1	MT1F	protein_coding	CRISPR		
PVT1	CCNE1	protein_coding	CRISPR		
PVT1	S100A10	protein_coding	CRISPR		
PVT1	VGF	protein_coding	CRISPR		
PVT1	EIF4EBP1	protein_coding	CRISPR		
PVT1	BCYRN1	lncRNA	CRISPR		
PVT1	SMAD5-AS1	lncRNA	CRISPR		
PVT1	HSPB1	protein_coding	CRISPR		
PVT1	NNMT	protein_coding	CRISPR		
PVT1	KRT19	protein_coding	CRISPR		
PVT1	MIR497HG	lncRNA	CRISPR		
PVT1	SOCS1	protein_coding	CRISPR		
PVT1	ROMO1	protein_coding	CRISPR		
PVT1	MFAP2	protein_coding	CRISPR		
PVT1	SNHG15	lncRNA	CRISPR		
PVT1	RAB11B-AS1	lncRNA	CRISPR		
PVT1	BMP1	protein_coding	CRISPR		
PVT1	CDC25A	protein_coding	CRISPR		
PVT1	VPS9D1-AS1	lncRNA	CRISPR		
PVT1	S100A1	protein_coding	CRISPR		
PVT1	TERT	protein_coding	CRISPR		
PVT1	HEY2	transcription_factor	CRISPR		
PVT1	MYL9	protein_coding	CRISPR		
PVT1	MALAT1	lncRNA	CRISPR		
PVT1	INHBA	protein_coding	CRISPR		
PVT1	MUC1	protein_coding	CRISPR		
PVT1	DKK3	protein_coding	CRISPR		
PVT1	MIR145	miRNA	CRISPR	ceRNA or sponge	valid
PVT1	RMRP	lncRNA	CRISPR		
PVT1	PLAU	protein_coding	CRISPR		
PVT1	SP7	transcription_factor	CRISPR		
PVT1	CASC15	lncRNA	CRISPR		
PVT1	ANGPTL4	protein_coding	CRISPR	epigenetic regulation	test
PVT1	S100A4	protein_coding	CRISPR		
PVT1	BIRC7	protein_coding	CRISPR		
PVT1	RN7SK	snRNA	CRISPR		
PVT1	SULT1A1	protein_coding	CRISPR		
PVT1	SOX18	transcription_factor	CRISPR		
PVT1	PGF	protein_coding	CRISPR		
PVT1	H19	lncRNA	CRISPR		
PVT1	POU5F1B	protein_coding	CRISPR		
PVT1	CCL5	protein_coding	CRISPR		
PVT1	OASL	protein_coding	CRISPR		
SNHG1	SLCO4A1	protein_coding	CRISPR		
SNHG1	S100A4	protein_coding	CRISPR		
SNHG1	AKR1B1	protein_coding	CRISPR		
SNHG1	E2F1	transcription_factor	CRISPR		
SNHG1	EPHX1	protein_coding	CRISPR		
SNHG1	IL11	protein_coding	CRISPR		
SNHG1	CDT1	protein_coding	CRISPR		
SNHG1	EPHA2	protein_coding	CRISPR		
SNHG1	TIMP4	protein_coding	CRISPR		
SNHG1	AURKB	protein_coding	CRISPR		
SNHG1	KLF16	transcription_factor	CRISPR		
SNHG1	BIRC5	protein_coding	CRISPR		
SNHG1	CDC20	protein_coding	CRISPR		
SNHG1	ID1	transcription_factor	CRISPR		
SNHG1	FAIM2	protein_coding	CRISPR		
SNHG1	TK1	protein_coding	CRISPR		
SNHG1	PTTG1	protein_coding	CRISPR		
SNHG1	RASSF1	protein_coding	CRISPR		
SNHG1	GINS2	protein_coding	CRISPR		
SNHG1	PLK1	protein_coding	CRISPR		
SNHG1	S100A10	protein_coding	CRISPR		
SNHG1	CDCA3	protein_coding	CRISPR		
SNHG1	MYBL2	transcription_factor	CRISPR		
SNHG1	ID3	transcription_factor	CRISPR		
SNHG1	SIVA1	protein_coding	CRISPR		
SNHG1	SNHG16	lncRNA	CRISPR		
SNHG1	CDC34	protein_coding	CRISPR		
SNHG1	WNT7B	protein_coding	CRISPR		
SNHG1	BRMS1	protein_coding	CRISPR		
SNHG1	CCNB1	protein_coding	CRISPR		
SNHG1	MCM5	protein_coding	CRISPR		
SNHG1	ARHGDIA	protein_coding	CRISPR		
SNHG1	UBE2C	protein_coding	CRISPR	ceRNA or sponge	train
SNHG1	PCNA	protein_coding	CRISPR		
SNHG1	MT-CO2	protein_coding	CRISPR		
SNHG1	PFN1	protein_coding	CRISPR		
SNHG1	STMN1	protein_coding	CRISPR		
SNHG1	FLNB	protein_coding	CRISPR		
SNHG1	MET	protein_coding	CRISPR		
SNHG1	JAK1	protein_coding	CRISPR		
SNHG1	PDK1	protein_coding	CRISPR		
SNHG1	PRKDC	protein_coding	CRISPR		
SNHG1	KLF13	transcription_factor	CRISPR		
SNHG1	PEG10	protein_coding	CRISPR		
SNHG1	LAMC1	protein_coding	CRISPR		
SNHG1	SLC2A3	protein_coding	CRISPR		
SNHG1	STC1	protein_coding	CRISPR		
SNHG1	NT5E	protein_coding	CRISPR		
SNHG1	WNT5A	protein_coding	CRISPR		
SNHG1	VEGFA	protein_coding	CRISPR	expression association	train
SNHG1	NDRG1	protein_coding	CRISPR		
SNHG1	ITGB1	protein_coding	CRISPR		
SNHG1	ITCH	protein_coding	CRISPR		
SNHG1	RAB10	protein_coding	CRISPR		
SNHG1	WNK1	protein_coding	CRISPR		
SNHG1	CTNND1	protein_coding	CRISPR		
SNHG1	EPAS1	protein_coding	CRISPR		
SNHG1	TRIM25	protein_coding	CRISPR		
SNHG1	OSMR	protein_coding	CRISPR		
SNHG1	SPIN1	protein_coding	CRISPR		
SNHG1	ELL2	protein_coding	CRISPR		
SNHG1	CCDC88A	protein_coding	CRISPR		
SNHG1	YAP1	transcription_factor	CRISPR	ceRNA or sponge	train
SNHG1	GPC6	protein_coding	CRISPR		
SNHG1	COL6A3	protein_coding	CRISPR		
SNHG1	MEF2A	transcription_factor	CRISPR		
SNHG1	MAPK6	protein_coding	CRISPR	ceRNA or sponge	train
SNHG1	USP9X	protein_coding	CRISPR		
SNHG1	LOX	protein_coding	CRISPR		
SNHG1	HELZ	protein_coding	CRISPR		
SNHG1	VCAN	protein_coding	CRISPR		
SNHG1	FBXL3	protein_coding	CRISPR		
SNHG1	CCNG1	protein_coding	CRISPR		
SNHG1	JARID2	transcription_factor	CRISPR		
SNHG1	BCAT1	protein_coding	CRISPR		
SNHG1	ABL2	protein_coding	CRISPR		
SNHG1	ERRFI1	protein_coding	CRISPR		
SNHG1	KLF12	transcription_factor	CRISPR		
SNHG1	DDR2	protein_coding	CRISPR		
SNHG1	IQGAP1	protein_coding	CRISPR		
SNHG1	HMGA2	transcription_factor	CRISPR		
SNHG1	TGFBR2	protein_coding	CRISPR	ceRNA or sponge	train
SNHG1	PRKAA1	protein_coding	CRISPR		
SNHG1	JAG1	protein_coding	CRISPR		
SNHG1	ATM	protein_coding	CRISPR		
SNHG1	AKT3	protein_coding	CRISPR		
SNHG1	HK2	protein_coding	CRISPR		
SNHG1	EP300	protein_coding	CRISPR		
SNHG1	DICER1	protein_coding	CRISPR		
SNHG1	XIAP	protein_coding	CRISPR	ceRNA or sponge	valid
SNHG1	FMNL2	protein_coding	CRISPR		
SNHG1	EGFR	protein_coding	CRISPR		
SNHG1	ELF1	transcription_factor	CRISPR		
SNHG1	FN1	protein_coding	CRISPR		
SNHG1	TSPYL4	protein_coding	CRISPR		
SNHG1	RAI14	protein_coding	CRISPR		
SNHG1	RFX7	transcription_factor	CRISPR		
SNHG1	TEAD1	transcription_factor	CRISPR		
SNHG1	NAMPT	protein_coding	CRISPR		
SNHG1	TRPM7	protein_coding	CRISPR		
SNHG1	SMAD5	transcription_factor	CRISPR		
SNHG1	RICTOR	protein_coding	CRISPR	ceRNA or sponge	test
SNHG1	HIPK2	protein_coding	CRISPR		
SNHG1	REST	transcription_factor	CRISPR		
SNHG1	EGR1	transcription_factor	CRISPR		
SNHG1	ROBO1	protein_coding	CRISPR		
SNHG1	CPEB2	protein_coding	CRISPR		
SNHG1	ITGB3	protein_coding	CRISPR		
SNHG1	BMPR2	protein_coding	CRISPR		
SNHG1	NOTCH2	protein_coding	CRISPR		
SNHG1	IRS1	protein_coding	CRISPR		
SNHG1	KMT2C	protein_coding	CRISPR		
SNHG1	CPEB4	protein_coding	CRISPR		
SNHG1	TP53INP1	protein_coding	CRISPR		
SNHG1	ZEB2	transcription_factor	CRISPR		
SNHG1	SGMS2	protein_coding	CRISPR		
SNHG1	KLF7	transcription_factor	CRISPR		
SNHG1	STXBP5-AS1	lncRNA	CRISPR		
SNHG1	DUSP6	protein_coding	CRISPR		
SNHG1	PAPPA	protein_coding	CRISPR		
SNHG1	SMG1	protein_coding	CRISPR		
SNHG1	TXNIP	protein_coding	CRISPR		
SNHG1	CCNG2	protein_coding	CRISPR		
SNHG1	BACH1	transcription_factor	CRISPR		
SNHG1	DCLK1	protein_coding	CRISPR	ceRNA or sponge	train
SNHG1	ROCK1	protein_coding	CRISPR	ceRNA or sponge	train
SNHG1	LUCAT1	lncRNA	CRISPR		
SNHG1	HDAC9	protein_coding	CRISPR		
SNHG1	ITPR1	protein_coding	CRISPR		
SNHG1	TRIM44	protein_coding	CRISPR		
SNHG1	SLC7A11	protein_coding	CRISPR		
SNHG1	NFAT5	transcription_factor	CRISPR		
SNHG1	CRYBG3	protein_coding	CRISPR		
SNHG12	EPHA2	protein_coding	CRISPR		
SNHG12	KRT7	protein_coding	CRISPR		
SNHG12	AKR1B1	protein_coding	CRISPR		
SNHG12	CDT1	protein_coding	CRISPR		
SNHG12	ID1	transcription_factor	CRISPR		
SNHG12	TNFRSF1B	protein_coding	CRISPR		
SNHG12	E2F1	transcription_factor	CRISPR	ceRNA or sponge	train
SNHG12	CDC34	protein_coding	CRISPR		
SNHG12	SLCO4A1	protein_coding	CRISPR		
SNHG12	S100A4	protein_coding	CRISPR		
SNHG12	SIVA1	protein_coding	CRISPR		
SNHG12	SNHG8	lncRNA	CRISPR		
SNHG12	IL11	protein_coding	CRISPR		
SNHG12	SNHG7	lncRNA	CRISPR		
SNHG12	AURKB	protein_coding	CRISPR		
SNHG12	GINS2	protein_coding	CRISPR		
SNHG12	GPX4	protein_coding	CRISPR		
SNHG12	SPHK1	protein_coding	CRISPR		
SNHG12	RASSF1	protein_coding	CRISPR		
SNHG12	DANCR	lncRNA	CRISPR		
SNHG12	KLF16	transcription_factor	CRISPR		
SNHG12	EPHX1	protein_coding	CRISPR		
SNHG12	ARL2	protein_coding	CRISPR		
SNHG12	CYC1	protein_coding	CRISPR		
SNHG12	HMGA1	transcription_factor	CRISPR		
SNHG12	WNT7B	protein_coding	CRISPR		
SNHG12	ROMO1	protein_coding	CRISPR		
SNHG12	SNHG6	lncRNA	CRISPR		
SNHG12	CEBPB	transcription_factor	CRISPR		
SNHG12	SNHG16	lncRNA	CRISPR		
SNHG12	BAD	protein_coding	CRISPR		
SNHG12	MCM5	protein_coding	CRISPR		
SNHG12	TK1	protein_coding	CRISPR		
SNHG12	PIN1	protein_coding	CRISPR		
SNHG12	MT-CO2	protein_coding	CRISPR		
SNHG12	ID3	transcription_factor	CRISPR		
SNHG12	BIRC5	protein_coding	CRISPR		
SNHG12	ACOT7	protein_coding	CRISPR		
SNHG12	PTTG1	protein_coding	CRISPR		
SNHG12	ARHGDIA	protein_coding	CRISPR		
SNHG12	MYBL2	transcription_factor	CRISPR		
SNHG12	BRI3	protein_coding	CRISPR		
SNHG12	ANXA11	protein_coding	CRISPR		
SNHG12	CDK5	protein_coding	CRISPR		
SNHG12	PCNA	protein_coding	CRISPR		
SNHG12	CST3	protein_coding	CRISPR		
SNHG12	UBXN1	protein_coding	CRISPR		
SNHG12	CDCA3	protein_coding	CRISPR	transcriptional regulation	train
SNHG12	C1QBP	protein_coding	CRISPR		
SNHG12	SNHG5	lncRNA	CRISPR		
SNHG12	BRMS1	protein_coding	CRISPR		
SNHG12	SQSTM1	protein_coding	CRISPR		
SNHG12	PFN1	protein_coding	CRISPR		
SNHG12	CDC20	protein_coding	CRISPR		
SNHG12	ODC1	protein_coding	CRISPR		
SNHG12	DDX54	protein_coding	CRISPR		
SNHG12	PLK1	protein_coding	CRISPR		
SNHG12	MCM2	protein_coding	CRISPR		
SNHG12	PA2G4	protein_coding	CRISPR		
SNHG12	STMN1	protein_coding	CRISPR		
SNHG12	NQO1	protein_coding	CRISPR		
SNHG12	PGK1	protein_coding	CRISPR		
SNHG12	P4HA2	protein_coding	CRISPR		
SNHG12	SPARC	protein_coding	CRISPR		
SNHG12	COL1A2	protein_coding	CRISPR		
SNHG12	NDRG1	protein_coding	CRISPR		
SNHG12	RAB10	protein_coding	CRISPR		
SNHG12	NRAS	protein_coding	CRISPR		
SNHG12	DMTF1	protein_coding	CRISPR		
SNHG12	RBFOX2	protein_coding	CRISPR		
SNHG12	FGD5-AS1	lncRNA	CRISPR		
SNHG12	G3BP2	protein_coding	CRISPR		
SNHG12	GSK3B	protein_coding	CRISPR		
SNHG12	JAK1	protein_coding	CRISPR		
SNHG12	SLC2A3	protein_coding	CRISPR		
SNHG12	CCDC80	protein_coding	CRISPR		
SNHG12	SERPINE1	protein_coding	CRISPR		
SNHG12	TUG1	protein_coding	CRISPR		
SNHG12	SPIN1	protein_coding	CRISPR		
SNHG12	VEGFA	protein_coding	CRISPR		
SNHG12	NRP1	protein_coding	CRISPR		
SNHG12	ERRFI1	protein_coding	CRISPR		
SNHG12	MAP3K7	protein_coding	CRISPR		
SNHG12	PDK1	protein_coding	CRISPR		
SNHG12	RLIM	protein_coding	CRISPR		
SNHG12	RUNX2	transcription_factor	CRISPR		
SNHG12	PUM1	protein_coding	CRISPR		
SNHG12	TSPYL4	protein_coding	CRISPR		
SNHG12	MEF2A	transcription_factor	CRISPR		
SNHG12	CTNND1	protein_coding	CRISPR		
SNHG12	USP9X	protein_coding	CRISPR		
SNHG12	SMC2	protein_coding	CRISPR		
SNHG12	LRIG1	protein_coding	CRISPR		
SNHG12	NT5E	protein_coding	CRISPR		
SNHG12	DDR2	protein_coding	CRISPR		
SNHG12	NF1	protein_coding	CRISPR		
SNHG12	KLF12	transcription_factor	CRISPR		
SNHG12	KRAS	protein_coding	CRISPR		
SNHG12	TRPS1	transcription_factor	CRISPR		
SNHG12	KDM5B	transcription_factor	CRISPR		
SNHG12	DUSP4	protein_coding	CRISPR		
SNHG12	CCDC88A	protein_coding	CRISPR		
SNHG12	EPAS1	protein_coding	CRISPR		
SNHG12	PDPK1	protein_coding	CRISPR		
SNHG12	WNK1	protein_coding	CRISPR		
SNHG12	IGF2BP3	protein_coding	CRISPR		
SNHG12	ADAM12	protein_coding	CRISPR		
SNHG12	ADAM10	protein_coding	CRISPR		
SNHG12	ITGB1	protein_coding	CRISPR		
SNHG12	HK2	protein_coding	CRISPR		
SNHG12	SNAI2	transcription_factor	CRISPR	transcriptional regulation	valid
SNHG12	APC	protein_coding	CRISPR		
SNHG12	ADAM19	protein_coding	CRISPR		
SNHG12	JARID2	transcription_factor	CRISPR		
SNHG12	ATF2	transcription_factor	CRISPR		
SNHG12	IQGAP1	protein_coding	CRISPR		
SNHG12	EP300	protein_coding	CRISPR		
SNHG12	CLOCK	transcription_factor	CRISPR		
SNHG12	MAPK6	protein_coding	CRISPR		
SNHG12	SP3	transcription_factor	CRISPR		
SNHG12	LAMC1	protein_coding	CRISPR		
SNHG12	KDM6A	protein_coding	CRISPR		
SNHG12	ZNF217	transcription_factor	CRISPR		
SNHG12	ELF1	transcription_factor	CRISPR		
SNHG12	SMAD3	transcription_factor	CRISPR		
SNHG12	WWTR1	protein_coding	CRISPR		
SNHG12	MAP3K2	protein_coding	CRISPR		
SNHG12	STC1	protein_coding	CRISPR		
SNHG12	SCD	protein_coding	CRISPR		
SNHG12	TCF12	transcription_factor	CRISPR		
SNHG12	TRPM7	protein_coding	CRISPR		
SNHG12	RBL2	protein_coding	CRISPR		
SNHG12	CREB1	transcription_factor	CRISPR		
SNHG12	FMNL2	protein_coding	CRISPR		
SNHG12	RAP2A	protein_coding	CRISPR		
SNHG12	OSMR	protein_coding	CRISPR		
SNHG12	MAP4K3	protein_coding	CRISPR		
SNHG12	ITCH	protein_coding	CRISPR		
SNHG12	NOTCH2	protein_coding	CRISPR	ceRNA or sponge	train
SNHG12	VCAN	protein_coding	CRISPR		
SNHG12	APAF1	protein_coding	CRISPR		
SNHG12	LRP6	protein_coding	CRISPR		
SNHG12	TGFBR2	protein_coding	CRISPR		
SNHG12	LUCAT1	lncRNA	CRISPR		
SNHG12	AKAP9	protein_coding	CRISPR		
SNHG12	IRS1	protein_coding	CRISPR		
SNHG12	ATM	protein_coding	CRISPR		
SNHG12	CRYBG3	protein_coding	CRISPR		
SNHG12	ANGPT1	protein_coding	CRISPR		
SNHG12	FBXW8	protein_coding	CRISPR		
SNHG12	SLC26A2	protein_coding	CRISPR		
SNHG12	CDK19	protein_coding	CRISPR		
SNHG12	HELZ	protein_coding	CRISPR		
SNHG12	BACH1	transcription_factor	CRISPR		
SNHG12	REST	transcription_factor	CRISPR		
SNHG12	PIK3R1	protein_coding	CRISPR		
SNHG12	BMPR2	protein_coding	CRISPR		
SNHG12	TET3	protein_coding	CRISPR		
SNHG12	PEG10	protein_coding	CRISPR		
SNHG12	CCNG2	protein_coding	CRISPR		
SNHG12	DICER1	protein_coding	CRISPR		
SNHG12	HIPK2	protein_coding	CRISPR		
SNHG12	PRKAA1	protein_coding	CRISPR		
SNHG12	SMAD5	transcription_factor	CRISPR		
SNHG12	HGF	protein_coding	CRISPR		
SNHG12	AKT3	protein_coding	CRISPR		
SNHG12	BCAT1	protein_coding	CRISPR		
SNHG12	KLF7	transcription_factor	CRISPR		
SNHG12	SGMS2	protein_coding	CRISPR		
SNHG12	SATB1	transcription_factor	CRISPR		
SNHG12	DUSP6	protein_coding	CRISPR		
SNHG12	SMG1	protein_coding	CRISPR		
SNHG12	ITGB3	protein_coding	CRISPR		
SNHG12	KMT2C	protein_coding	CRISPR		
SNHG12	JAK2	protein_coding	CRISPR		
SNHG12	ABI3BP	protein_coding	CRISPR		
SNHG12	CPEB4	protein_coding	CRISPR		
SNHG12	EGFR	protein_coding	CRISPR		
SNHG12	GPC6	protein_coding	CRISPR		
SNHG12	CPEB2	protein_coding	CRISPR		
SNHG12	ROCK1	protein_coding	CRISPR		
SNHG12	RFX7	transcription_factor	CRISPR		
SNHG12	IGFBP5	protein_coding	CRISPR		
SNHG12	TXNIP	protein_coding	CRISPR		
SNHG12	ZEB2	transcription_factor	CRISPR		
SNHG12	ROBO1	protein_coding	CRISPR		
SNHG12	PAPPA	protein_coding	CRISPR		
SNHG12	ATP7A	protein_coding	CRISPR		
SNHG12	TRIM44	protein_coding	CRISPR		
SNHG12	WNT5A	protein_coding	CRISPR		
SNHG12	COL6A3	protein_coding	CRISPR		
SNHG12	NOTCH3	protein_coding	CRISPR		
SNHG12	FN1	protein_coding	CRISPR		
SNHG12	LOX	protein_coding	CRISPR		
SNHG12	SEMA5A	protein_coding	CRISPR		
SNHG12	NFAT5	transcription_factor	CRISPR		
SNHG12	ITPR1	protein_coding	CRISPR		
SNHG12	JAG1	protein_coding	CRISPR		
ZNF407-AS1	AKR1B1	protein_coding	CRISPR		
ZNF407-AS1	S100A4	protein_coding	CRISPR		
ZNF407-AS1	EPHA2	protein_coding	CRISPR		
ZNF407-AS1	EPHX1	protein_coding	CRISPR		
ZNF407-AS1	FAIM2	protein_coding	CRISPR		
ZNF407-AS1	ID3	transcription_factor	CRISPR		
ZNF407-AS1	ID1	transcription_factor	CRISPR		
ZNF407-AS1	WNT7B	protein_coding	CRISPR		
ZNF407-AS1	IER3	protein_coding	CRISPR		
ZNF407-AS1	S100A10	protein_coding	CRISPR		
ZNF407-AS1	STC1	protein_coding	CRISPR		
ZNF407-AS1	HK2	protein_coding	CRISPR		
ZNF407-AS1	HIPK2	protein_coding	CRISPR		
ZNF407-AS1	XBP1	transcription_factor	CRISPR		
ZNF407-AS1	NT5E	protein_coding	CRISPR		
ZNF407-AS1	NOTCH2	protein_coding	CRISPR		
ZNF407-AS1	SERPINE1	protein_coding	CRISPR		
ZNF407-AS1	NAMPT	protein_coding	CRISPR		
ZNF407-AS1	VEGFA	protein_coding	CRISPR		
ZNF407-AS1	PEG10	protein_coding	CRISPR		
ZNF407-AS1	BCAT1	protein_coding	CRISPR		
ZNF407-AS1	RAI14	protein_coding	CRISPR		
ZNF407-AS1	EGFR	protein_coding	CRISPR		
ZNF407-AS1	TGFBR2	protein_coding	CRISPR		
ZNF407-AS1	NDRG1	protein_coding	CRISPR		
ZNF407-AS1	SMG1	protein_coding	CRISPR		
ZNF407-AS1	DDR2	protein_coding	CRISPR		
ZNF407-AS1	ROCK1	protein_coding	CRISPR		
ZNF407-AS1	TRIM44	protein_coding	CRISPR		
ZNF407-AS1	LOX	protein_coding	CRISPR		
ZNF407-AS1	KLF7	transcription_factor	CRISPR		
ZNF407-AS1	ZEB2	transcription_factor	CRISPR		
ZNF407-AS1	ETS1	transcription_factor	CRISPR		
ZNF407-AS1	MIR503HG	lncRNA	CRISPR		
ZNF407-AS1	STC2	protein_coding	CRISPR		
ZNF407-AS1	ATF4	transcription_factor	CRISPR		
ZNF407-AS1	ERRFI1	protein_coding	CRISPR		
ZNF407-AS1	SLC7A5	protein_coding	CRISPR		
ZNF407-AS1	LUCAT1	lncRNA	CRISPR		
ZNF407-AS1	ITPR1	protein_coding	CRISPR		
ZNF407-AS1	JDP2	transcription_factor	CRISPR		
ZNF407-AS1	TXNIP	protein_coding	CRISPR		
ZNF407-AS1	DDIT3	transcription_factor	CRISPR		
ZNF407-AS1	SLC7A11	protein_coding	CRISPR		
