MALAT1,lncRNA,299,299
HOTAIR,lncRNA,235,235
H19,lncRNA,188,188
NEAT1,lncRNA,174,174
MEG3,lncRNA,154,154
TUG1,protein_coding,113,113
PVT1,lncRNA,112,112
UCA1,lncRNA,100,100
GAS5,lncRNA,96,96
XIST,lncRNA,95,95
EZH2,protein_coding,93,972
CDKN2B-AS1,lncRNA,91,91
MYC,transcription_factor,86,4102
SNHG1,lncRNA,71,71
STAT3,transcription_factor,69,1060
PTEN,protein_coding,69,979
CCND1,protein_coding,69,576
CTNNB1,protein_coding,64,1460
CDKN1A,protein_coding,63,793
CDH1,protein_coding,62,1010
BCL2,protein_coding,62,578
DANCR,lncRNA,62,62
TP53,transcription_factor,58,2633
HULC,lncRNA,56,56
HOTTIP,lncRNA,54,54
CCAT1,lncRNA,53,53
ZEB1,transcription_factor,52,1483
SNHG16,lncRNA,52,52
OIP5-AS1,lncRNA,48,48
AKT1,protein_coding,47,1295
CASC2,lncRNA,46,46
CRNDE,lncRNA,45,45
SNHG7,lncRNA,44,44
SP1,transcription_factor,43,3606
AFAP1-AS1,lncRNA,43,43
LINC00511,lncRNA,43,43
TGFB1,protein_coding,42,2914
MMP9,protein_coding,41,426
CYTOR,lncRNA,41,41
NORAD,lncRNA,41,41
SNHG6,lncRNA,41,41
YAP1,transcription_factor,40,535
MIAT,lncRNA,40,40
BAX,protein_coding,39,329
VIM,protein_coding,38,818
HOXA11-AS,lncRNA,38,38
MAPK1,protein_coding,37,1087
LINC-ROR,lncRNA,37,37
ZFAS1,lncRNA,36,36
MMP2,protein_coding,35,439
HIF1A,transcription_factor,34,1091
VEGFA,protein_coding,34,734
CDH2,protein_coding,33,212
LUCAT1,lncRNA,33,33
KCNQ1OT1,lncRNA,32,32
SOX4,transcription_factor,31,131
SNHG12,lncRNA,31,31
EGFR,protein_coding,30,2051
SNAI1,transcription_factor,30,565
FOXD2-AS1,lncRNA,30,30
HNF1A-AS1,lncRNA,29,29
LINC00460,lncRNA,29,29
TINCR,protein_coding,29,29
CASP3,protein_coding,28,778
SNHG5,lncRNA,28,28
PCAT1,lncRNA,28,28
SNHG3,lncRNA,28,28
E2F1,transcription_factor,27,1457
LNCRNA-ATB,lncRNA,27,27
CCAT2,lncRNA,27,27
CDK6,protein_coding,26,291
TP73-AS1,pseudogene,26,26
SNHG20,lncRNA,26,26
YY1,transcription_factor,25,1056
SIRT1,protein_coding,25,723
TWIST1,transcription_factor,25,148
MIR21,miRNA,25,25
DLX6-AS1,lncRNA,25,25
HCP5,lncRNA,25,25
SNHG15,lncRNA,25,25
TP53COR1,lncRNA,25,25
HAGLR,lncRNA,24,24
PIK3CA,protein_coding,23,1308
NOTCH1,protein_coding,23,551
ZEB2,transcription_factor,23,130
HOXA-AS2,lncRNA,23,23
BANCR,lncRNA,23,23
SOX2,transcription_factor,22,516
FOXM1,transcription_factor,22,415
HMGA2,transcription_factor,22,110
AGAP2-AS1,lncRNA,22,22
LOXL1-AS1,lncRNA,22,22
KLF2,transcription_factor,21,56
FENDRR,lncRNA,21,21
SNHG14,lncRNA,21,21
MIR4435-2HG,lncRNA,21,21
ZEB1-AS1,lncRNA,21,21
HMGB1,transcription_factor,20,304
PDE10A,protein_coding,20,147
CASC15,lncRNA,20,20
DLEU1,lncRNA,20,20
SPRY4-IT1,lncRNA,20,20
TTN-AS1,lncRNA,20,20
MET,protein_coding,19,466
RUNX2,transcription_factor,19,424
MTOR,protein_coding,19,348
ROCK1,protein_coding,19,198
DUXAP8,pseudogene,19,19
FEZF1-AS1,lncRNA,19,19
ELAVL1,protein_coding,18,1962
IL6,protein_coding,18,848
MDM2,protein_coding,18,818
FOXO1,transcription_factor,18,630
LINC01133,lncRNA,18,18
HCG11,lncRNA,18,18
SOX2-OT,lncRNA,18,18
SOX9,transcription_factor,17,525
CASC9,lncRNA,17,17
LINC01116,lncRNA,17,17
RMRP,lncRNA,17,17
LINC00261,lncRNA,17,17
NKILA,lncRNA,17,17
YBX1,transcription_factor,16,834
SMAD2,transcription_factor,16,640
CDK4,protein_coding,16,452
DNMT1,protein_coding,16,323
HAND2-AS1,lncRNA,16,16
MIR214,miRNA,16,16
TUSC7,lncRNA,16,16
NNT-AS1,lncRNA,16,16
NFKB1,transcription_factor,15,836
ABCB1,protein_coding,15,770
CDKN1B,protein_coding,15,351
TLR4,protein_coding,15,184
BLACAT1,protein_coding,15,15
DLEU2,lncRNA,15,15
ILF3-DT,lncRNA,15,15
MIR140,miRNA,15,15
MNX1-AS1,lncRNA,15,15
PANDAR,lncRNA,15,15
PART1,lncRNA,15,15
PCAT6,lncRNA,15,15
CDK1,protein_coding,14,1013
PKM,protein_coding,14,980
IGF1R,protein_coding,14,429
CASP9,protein_coding,14,277
DGCR5,lncRNA,14,14
DUXAP9,pseudogene,14,14
MIR22HG,lncRNA,14,14
TNF,protein_coding,13,1763
SMAD3,transcription_factor,13,922
E2F3,transcription_factor,13,319
IGF2BP2,protein_coding,13,148
PDCD4,protein_coding,13,144
PEG10,protein_coding,13,73
MIR203A,miRNA,13,13
BCAR4,lncRNA,13,13
FTX,lncRNA,13,13
CASC11,lncRNA,13,13
DRAIC,lncRNA,13,13
MIR100HG,lncRNA,13,13
HIF1A-AS3,lncRNA,13,13
IATPR,lncRNA,13,13
LINC00467,lncRNA,13,13
LINC01503,lncRNA,13,13
MIR181A1,miRNA,13,13
MIR34A,miRNA,13,13
TMPO-AS1,lncRNA,13,13
SNHG17,lncRNA,13,13
FOXA1,transcription_factor,12,1249
GSK3B,protein_coding,12,807
BMI1,protein_coding,12,606
KDM1A,protein_coding,12,588
PIK3CD,protein_coding,12,471
POU5F1,transcription_factor,12,431
CXCR4,protein_coding,12,265
CCND2,protein_coding,12,230
SNAI2,transcription_factor,12,60
HOXA13,transcription_factor,12,46
MIR204,miRNA,12,12
CERNA2,lncRNA,12,12
DBH-AS1,lncRNA,12,12
EZR-AS1,lncRNA,12,12
HAGLROS,lncRNA,12,12
HOTAIRM1,lncRNA,12,12
LINC00319,lncRNA,12,12
LINC00662,lncRNA,12,12
LINC00668,lncRNA,12,12
MAGI2-AS3,lncRNA,12,12
MIR141,miRNA,12,12
MAPK3,protein_coding,11,953
SUZ12,protein_coding,11,696
PCNA,protein_coding,11,635
CDKN2A,protein_coding,11,418
CCNE1,protein_coding,11,318
LATS2,protein_coding,11,257
ATG5,protein_coding,11,238
CDKN2B,protein_coding,11,115
KLF5,transcription_factor,11,108
CD274,protein_coding,11,97
MIR145,miRNA,11,11
FALEC,lncRNA,11,11
FOXD3-AS1,lncRNA,11,11
GAPLINC,lncRNA,11,11
MIR124-1,miRNA,11,11
GHET1,lncRNA,11,11
LINC00665,lncRNA,11,11
LINC00858,lncRNA,11,11
LINC00958,lncRNA,11,11
LSINCT5,lncRNA,11,11
MIR101-1,miRNA,11,11
MIR503HG,lncRNA,11,11
SBF2-AS1,lncRNA,11,11
AR,transcription_factor,10,1486
RELA,transcription_factor,10,1246
KRAS,protein_coding,10,999
JAK2,protein_coding,10,708
HMGA1,transcription_factor,10,504
IGF2,protein_coding,10,483
ANXA2,protein_coding,10,483
CP,protein_coding,10,320
HK2,protein_coding,10,257
NOTCH2,protein_coding,10,174
ADAMTS9-AS2,lncRNA,10,10
MIR195,miRNA,10,10
BCYRN1,lncRNA,10,10
MIR223,miRNA,10,10
GACAT3,lncRNA,10,10
MIR200A,miRNA,10,10
MIR200B,miRNA,10,10
JPX,lncRNA,10,10
LINC00461,lncRNA,10,10
MCM3AP-AS1,lncRNA,10,10
NBR2,lncRNA,10,10
MIR31HG,lncRNA,10,10
MT1JP,pseudogene,10,10
NBAT1,lncRNA,10,10
PCBP2-OT1,lncRNA,10,10
PTENP1,pseudogene,10,10
SNHG4,lncRNA,10,10
TDRG1,lncRNA,10,10
THRIL,lncRNA,10,10
ZEB2-AS1,lncRNA,10,10
STAT1,transcription_factor,9,1212
ERBB2,protein_coding,9,835
TFDP1,protein_coding,9,782
ABCC1,protein_coding,9,628
TGFBR1,protein_coding,9,404
UPF1,protein_coding,9,354
BCL2L1,protein_coding,9,320
HDGF,protein_coding,9,288
HES1,transcription_factor,9,189
SMAD7,transcription_factor,9,166
MMP3,protein_coding,9,161
LATS1,protein_coding,9,155
MMP14,protein_coding,9,112
CDKN1C,protein_coding,9,74
CDK14,protein_coding,9,70
ANKRD40CL,protein_coding,9,14
CBR3-AS1,lncRNA,9,9
CCEPR,lncRNA,9,9
COMETT,lncRNA,9,9
DUXAP10,pseudogene,9,9
MIR26A1,miRNA,9,9
FBXL19-AS1,lncRNA,9,9
HEIH,lncRNA,9,9
HOXB-AS3,lncRNA,9,9
IQANK1,protein_coding,9,9
LEF1-AS1,lncRNA,9,9
LINC-PINT,lncRNA,9,9
LINC00313,lncRNA,9,9
LINC00472,lncRNA,9,9
LINC00520,lncRNA,9,9
MIR155,miRNA,9,9
MIR135A1,miRNA,9,9
PANTR1,lncRNA,9,9
PCA3,lncRNA,9,9
SNHG8,lncRNA,9,9
CDK2,protein_coding,8,1126
CREB1,transcription_factor,8,984
RB1,protein_coding,8,851
CDC42,protein_coding,8,812
SMAD4,transcription_factor,8,683
IGF1,protein_coding,8,608
ILF3,protein_coding,8,533
FGF2,protein_coding,8,439
IRS1,protein_coding,8,425
IGF2BP1,protein_coding,8,352
WNT1,protein_coding,8,162
MCL1,protein_coding,8,147
KLF4,transcription_factor,8,137
E2F2,transcription_factor,8,129
TIMP2,protein_coding,8,51
AATBC,lncRNA,8,8
BDNF-AS,lncRNA,8,8
PRECSIT,lncRNA,8,8
ENSG00000259321,lncRNA,8,8
EWSAT1,lncRNA,8,8
TMEM238L,protein_coding,8,8
MIR125B1,miRNA,8,8
LINC00963,lncRNA,8,8
LINC01234,lncRNA,8,8
LINC02381,lncRNA,8,8
LNCARSR,lncRNA,8,8
MIR122,miRNA,8,8
MIR129-1,miRNA,8,8
MIR497,miRNA,8,8
NPTN-IT1,lncRNA,8,8
MIR143,miRNA,8,8
SOX21-AS1,lncRNA,8,8
THORLNC,lncRNA,8,8
TOB1-AS1,lncRNA,8,8
PARP1,protein_coding,7,1015
DDX5,protein_coding,7,689
FGFR1,protein_coding,7,655
LDHA,protein_coding,7,567
EGR1,transcription_factor,7,564
MAPK8,protein_coding,7,546
AGO2,protein_coding,7,476
PDK1,protein_coding,7,319
TGFBR2,protein_coding,7,301
BRD4,protein_coding,7,289
METTL3,protein_coding,7,276
NANOG,transcription_factor,7,270
ROCK2,protein_coding,7,161
LIN28A,transcription_factor,7,161
ATG7,protein_coding,7,146
USF1,transcription_factor,7,120
FSCN1,protein_coding,7,112
NLRP3,protein_coding,7,96
TIMP3,protein_coding,7,74
MMP13,protein_coding,7,73
DKK1,protein_coding,7,68
ATG9B,protein_coding,7,57
YY1AP1,protein_coding,7,55
ACTA2-AS1,lncRNA,7,7
AOC4P,pseudogene,7,7
MIR126,miRNA,7,7
MIR15A,miRNA,7,7
BICDL3P,pseudogene,7,7
MIR424,miRNA,7,7
MIR17,miRNA,7,7
HAS2-AS1,lncRNA,7,7
DSCAM-AS1,lncRNA,7,7
EPIC1,lncRNA,7,7
GAS8-AS1,lncRNA  ,7,7
GATA3-AS1,lncRNA,7,7
MIR206,miRNA,7,7
LINC00312,lncRNA,7,7
LINC00052,lncRNA,7,7
LINC00173,lncRNA,7,7
LINC00707,lncRNA,7,7
MIR29C,miRNA,7,7
LOC112543491,lncRNA,7,7
TRPM2-AS,lncRNA,7,7
MIR155HG,lncRNA,7,7
MIR29B1,miRNA,7,7
MIR146A,miRNA,7,7
PICSAR,lncRNA,7,7
SNHG18,lncRNA,7,7
WT1-AS,lncRNA,7,7
ESR1,transcription_factor,6,3506
BRCA1,protein_coding,6,1487
ELK1,transcription_factor,6,1423
FN1,protein_coding,6,1252
RAC1,protein_coding,6,916
CEBPB,transcription_factor,6,699
ETS1,transcription_factor,6,697
NFE2L2,transcription_factor,6,546
SRSF1,protein_coding,6,540
WDR5,protein_coding,6,519
AKT3,protein_coding,6,487
FOXO3,transcription_factor,6,470
ITGB1,protein_coding,6,428
ABCG2,protein_coding,6,370
APC,protein_coding,6,361
CCNA2,protein_coding,6,361
BECN1,protein_coding,6,352
COL1A1,protein_coding,6,301
XIAP,protein_coding,6,249
DNMT3A,protein_coding,6,193
BCL2L11,protein_coding,6,193
TERT,protein_coding,6,186
MRPL28,protein_coding,6,162
TGFB2,protein_coding,6,152
MT-CO2,protein_coding,6,129
MTDH,protein_coding,6,74
SOCS5,protein_coding,6,62
PROM1,protein_coding,6,54
RAB22A,protein_coding,6,41
MIR130A,miRNA,6,6
MIR150,miRNA,6,6
MIR27B,miRNA,6,6
CTBP1-DT,lncRNA,6,6
DDX11-AS1,lncRNA,6,6
DLGAP1-AS1,lncRNA,6,6
EGFR-AS1,lncRNA,6,6
ELFN1-AS1,lncRNA,6,6
ERLNC1,lncRNA,6,6
MIR205,miRNA,6,6
FOXCUT,lncRNA,6,6
MIR137,miRNA,6,6
MIR211,miRNA,6,6
HIF1A-AS1,lncRNA,6,6
MIR200C,miRNA,6,6
MIR613,miRNA,6,6
HOXA-AS3,lncRNA,6,6
LBX2-AS1,lncRNA,6,6
LINC00205,lncRNA,6,6
LINC00342,lncRNA,6,6
MIR128-1,miRNA,6,6
LINC00589,lncRNA,6,6
LINP1,lncRNA,6,6
MACC1-AS1,lncRNA,6,6
MINCR,lncRNA,6,6
TRERNA1,lncRNA,6,6
MIR193A,miRNA,6,6
MIR196A1,miRNA,6,6
MIR205HG,lncRNA,6,6
MSC-AS1,lncRNA,6,6
NR2F1-AS1,lncRNA,6,6
OR3A4P,pseudogene,6,6
SNHG10,lncRNA,6,6
PTCSC3,lncRNA,6,6
RPSAP52,pseudogene,6,6
SAMMSON,lncRNA,6,6
SLCO4A1-AS1,lncRNA,6,6
WSPAR,lncRNA,6,6
ZBTB40-IT1,lncRNA,6,6
POU2F1,transcription_factor,5,1377
RUNX1,transcription_factor,5,1054
YWHAZ,protein_coding,5,1030
AGR2,protein_coding,5,932
MYB,transcription_factor,5,900
SREBF1,transcription_factor,5,893
TCF4,transcription_factor,5,869
CDK9,protein_coding,5,738
MAPK14,protein_coding,5,700
HNRNPK,protein_coding,5,700
RHOA,protein_coding,5,675
ATF1,transcription_factor,5,674
CCNB1,protein_coding,5,502
HOXA1,transcription_factor,5,450
PTBP1,protein_coding,5,422
RRM2,protein_coding,5,390
TCF7L2,transcription_factor,5,369
MYCN,transcription_factor,5,353
CCL5,protein_coding,5,337
CDK8,protein_coding,5,306
FOXC1,transcription_factor,5,304
FASLG,protein_coding,5,262
BCAT1,protein_coding,5,212
WNT3A,protein_coding,5,210
WEE1,protein_coding,5,198
CDC6,protein_coding,5,188
PIM1,protein_coding,5,148
NRP1,protein_coding,5,146
MMP7,protein_coding,5,142
FOXD1,protein_coding,5,142
FOXK1,transcription_factor,5,140
BCL9,protein_coding,5,137
FOXP1,transcription_factor,5,129
HOXA10,transcription_factor,5,123
ADAM10,protein_coding,5,118
RUNX3,transcription_factor,5,117
RAB14,protein_coding,5,111
MEF2D,transcription_factor,5,80
SLC25A15,protein_coding,5,80
MSH3,protein_coding,5,75
ATG3,protein_coding,5,70
PPP1R13L,protein_coding,5,60
PDK4,protein_coding,5,54
LIN28B,transcription_factor,5,53
E2F7,transcription_factor,5,48
KLF6,transcription_factor,5,46
POU3F3,transcription_factor,5,42
SYNE3,protein_coding,5,10
APTR,lncRNA,5,5
MIR16-1,miRNA,5,5
CCDC26,lncRNA,5,5
MIR324,miRNA,5,5
MIR125A,miRNA,5,5
MIR199A1,miRNA,5,5
CHROMR,lncRNA,5,5
CPS1-IT1,lncRNA,5,5
MIR338,miRNA,5,5
DNM3OS,lncRNA,5,5
ENSG00000259001,lncRNA,5,5
MIR149,miRNA,5,5
FER1L4,pseudogene,5,5
FGD5-AS1,lncRNA,5,5
FLVCR1-DT,lncRNA,5,5
FTH1P3,pseudogene,5,5
GIHCG,lncRNA,5,5
MIR429,miRNA,5,5
MIR29A,miRNA,5,5
HCG18,lncRNA,5,5
MIR544A,miRNA,5,5
HOXC-AS3,lncRNA,5,5
MIR186,miRNA,5,5
ICMT-DT,lncRNA,5,5
IGF2-AS,lncRNA,5,5
LINC01419,lncRNA,5,5
LINC00174,lncRNA,5,5
LINC00324,lncRNA,5,5
LINC00339,lncRNA,5,5
LINC00504,lncRNA,5,5
LINC00518,lncRNA,5,5
MIR216B,miRNA,5,5
LINC02555,lncRNA,5,5
LMCD1-AS1,lncRNA,5,5
LUADT1,lncRNA,5,5
MIR3142HG,lncRNA,5,5
MILIP,lncRNA,5,5
MIR142,miRNA,5,5
MIR148A,miRNA,5,5
MIR194-1,miRNA,5,5
MIR210HG,lncRNA,5,5
MIR9-1,miRNA,5,5
RHPN1-AS1,lncRNA,5,5
NCK1-DT,lncRNA,5,5
NMRAL2P,pseudogene,5,5
PCED1B-AS1,lncRNA,5,5
PDK1-AS1,lncRNA,5,5
PTTG3P,pseudogene,5,5
MIR340,miRNA,5,5
SLC26A4-AS1,lncRNA,5,5
MIR144,miRNA,5,5
SPAAR,protein_coding,5,5
STARD13-AS,lncRNA,5,5
MIR320A,miRNA,5,5
UNC5B-AS1,lncRNA,5,5
MIR218-1,miRNA,5,5
JUN,transcription_factor,4,3284
LEF1,transcription_factor,4,2795
GRB2,protein_coding,4,1568
PTK2,protein_coding,4,1192
NPM1,protein_coding,4,1144
TRAF6,protein_coding,4,886
GABPA,protein_coding,4,864
IL1B,protein_coding,4,833
PPARG,transcription_factor,4,685
SLC2A1,protein_coding,4,657
DHX9,protein_coding,4,649
AKT2,protein_coding,4,553
PIK3R3,protein_coding,4,541
HDAC4,protein_coding,4,520
FBXW7,protein_coding,4,465
CCL2,protein_coding,4,444
WNT5A,protein_coding,4,420
STAU1,protein_coding,4,410
PRKAA2,protein_coding,4,387
SOX5,transcription_factor,4,358
SOCS3,protein_coding,4,332
TOP2A,protein_coding,4,329
PDPK1,protein_coding,4,324
TJP1,protein_coding,4,317
KMT2A,protein_coding,4,302
MYD88,protein_coding,4,290
MAP3K3,protein_coding,4,279
ABCA1,protein_coding,4,274
AXL,protein_coding,4,267
LASP1,protein_coding,4,264
EPHB2,protein_coding,4,243
FAS,protein_coding,4,243
DNMT3B,protein_coding,4,241
LRP6,protein_coding,4,232
ITGA6,protein_coding,4,228
P4HA2,protein_coding,4,225
GLI1,transcription_factor,4,218
RHOC,protein_coding,4,216
SMAD5,transcription_factor,4,215
MMP1,protein_coding,4,177
CASP1,protein_coding,4,173
TXNIP,protein_coding,4,167
DGCR8,protein_coding,4,162
RAB10,protein_coding,4,149
ATG12,protein_coding,4,141
CDKN2C,protein_coding,4,139
ULK1,protein_coding,4,130
FOSL2,transcription_factor,4,126
JAG1,protein_coding,4,121
WT1,transcription_factor,4,117
HOXA5,transcription_factor,4,104
NOB1,protein_coding,4,103
BCL2L2,protein_coding,4,84
MYBL2,transcription_factor,4,84
PBX3,transcription_factor,4,82
AKAP12,protein_coding,4,74
VEGFC,protein_coding,4,71
SPHK2,protein_coding,4,71
ADAM12,protein_coding,4,68
EPCAM,protein_coding,4,67
IRF4,transcription_factor,4,62
USP9Y,protein_coding,4,50
FUT4,protein_coding,4,33
FOXP4,transcription_factor,4,32
RECK,protein_coding,4,32
TBC1D9,protein_coding,4,28
ADAMTS5,protein_coding,4,26
MELTF,protein_coding,4,22
C1orf74,protein_coding,4,11
MIR185,miRNA,4,4
LOC105374325,lncRNA,4,4
ARHGAP27P1,pseudogene,4,4
B4GALT1-AS1,lncRNA,4,4
MIR361,miRNA,4,4
MIR130B,miRNA,4,4
MIR33A,miRNA,4,4
MIR152,miRNA,4,4
CERS6-AS1,lncRNA,4,4
SOX7,transcription_factor,4,4
CRYBG3,protein_coding,4,4
MIR107,miRNA,4,4
MIR138-1,miRNA,4,4
MIR506,miRNA,4,4
MIR26B,miRNA,4,4
EMSLR,lncRNA,4,4
EPB41L4A-AS1,lncRNA,4,4
EPIST,lncRNA,4,4
MIR590,miRNA,4,4
FOXP4-AS1,lncRNA,4,4
GAS1RR,lncRNA,4,4
TPTEP1,pseudogene,4,4
IGFL2-AS1,lncRNA,4,4
IL1R1-AS1,lncRNA,4,4
IRAIN,lncRNA,4,4
IRF1-AS1,lncRNA,4,4
MIR133B,miRNA,4,4
LATS2-AS1,lncRNA,4,4
LIFR-AS1,lncRNA,4,4
MIR197,miRNA,4,4
LINC00641,lncRNA,4,4
LINC00667,lncRNA,4,4
LINC00974,lncRNA,4,4
LINC01139,lncRNA,4,4
LINC01224,lncRNA,4,4
LINC01278,lncRNA,4,4
LINC01535,lncRNA,4,4
LINC01638,lncRNA,4,4
LINC01672,lncRNA,4,4
LINC02041,lncRNA,4,4
LNC-LBCS,lncRNA,4,4
LNCNEF,lncRNA,4,4
LNCTSI,lncRNA,4,4
MAGI1-IT1,lncRNA,4,4
MAP3K9-DT,lncRNA,4,4
MBNL1-AS1,lncRNA,4,4
MELTF-AS1,lncRNA,4,4
MIR190A,miRNA,4,4
MIR217,miRNA,4,4
MIR34C,miRNA,4,4
MIR3591,miRNA,4,4
MIR377,miRNA,4,4
MIR99AHG,lncRNA,4,4
MT1DP,pseudogene,4,4
PITPNA-AS1,lncRNA,4,4
MYOSLID,lncRNA,4,4
NR2F2-AS1,lncRNA,4,4
WFDC21P,pseudogene,4,4
RGMB-AS1,lncRNA,4,4
ROR1-AS1,lncRNA,4,4
RPL13AP20,pseudogene,4,4
RUSC1-AS1,lncRNA,4,4
SNHG11,lncRNA,4,4
SUMO1P3,pseudogene,4,4
TPT1-AS1,lncRNA,4,4
TPTE2P1,pseudogene,4,4
MIR328,miRNA,4,4
TUSC8,lncRNA,4,4
VPS9D1-AS1,lncRNA,4,4
ZFPM2-AS1,lncRNA,4,4
ZNF281,protein_coding,4,4
ZNF667-AS1,lncRNA,4,4
PPARA,transcription_factor,3,1847
LRRK2,protein_coding,3,1846
STAT5A,transcription_factor,3,1172
EP300,protein_coding,3,1167
FOXF2,transcription_factor,3,1007
HDAC1,protein_coding,3,928
NRAS,protein_coding,3,812
ACTA2,protein_coding,3,662
AURKA,protein_coding,3,650
HNRNPA2B1,protein_coding,3,636
FUS,protein_coding,3,622
HDAC2,protein_coding,3,600
ERBB3,protein_coding,3,595
NFE2L1,transcription_factor,3,566
JAK1,protein_coding,3,547
HSPB1,protein_coding,3,536
MAPK6,protein_coding,3,534
MKI67,protein_coding,3,526
ILF2,protein_coding,3,506
GFI1,transcription_factor,3,484
PRMT5,protein_coding,3,470
MAP1LC3B,protein_coding,3,469
CHEK1,protein_coding,3,467
SOD2,lncRNA,3,467
DDIT3,transcription_factor,3,461
HDAC3,protein_coding,3,447
EZR,protein_coding,3,444
PRPF31,protein_coding,3,440
PRKAA1,protein_coding,3,436
GATA3,transcription_factor,3,424
RAF1,protein_coding,3,423
TEAD1,transcription_factor,3,415
CASP8,protein_coding,3,404
CHUK,protein_coding,3,385
ICAM1,protein_coding,3,381
PDGFRA,protein_coding,3,380
RAB11A,protein_coding,3,376
BDNF,protein_coding,3,375
ACTN4,protein_coding,3,364
ITGB3,protein_coding,3,352
SUV39H1,protein_coding,3,347
NONO,protein_coding,3,334
FOXQ1,transcription_factor,3,325
CD44,protein_coding,3,321
PAK2,protein_coding,3,313
PSMD10,protein_coding,3,311
PTBP3,protein_coding,3,310
AHSA1,protein_coding,3,308
BIRC5,protein_coding,3,297
MYO6,protein_coding,3,295
RAP1B,protein_coding,3,276
CRKL,protein_coding,3,274
PGK1,protein_coding,3,272
PAX5,transcription_factor,3,271
SPHK1,protein_coding,3,258
DUSP1,protein_coding,3,252
RBM5,protein_coding,3,250
SOCS1,protein_coding,3,239
RAP1A,protein_coding,3,230
KLF12,transcription_factor,3,228
MUC1,protein_coding,3,221
DUSP6,protein_coding,3,219
ERG,transcription_factor,3,213
COMMD8,protein_coding,3,212
TNFSF10,protein_coding,3,212
PFN1,protein_coding,3,200
G6PD,protein_coding,3,200
BBC3,protein_coding,3,197
HEY1,transcription_factor,3,180
NDRG1,protein_coding,3,176
SLC7A11,protein_coding,3,175
NOTCH3,protein_coding,3,169
OTX1,transcription_factor,3,168
GADD45A,protein_coding,3,161
ZBTB7A,transcription_factor,3,159
SOCS6,protein_coding,3,157
GPC3,protein_coding,3,153
NUPR1,protein_coding,3,147
SOCS2,protein_coding,3,143
E2F6,transcription_factor,3,143
PAK4,protein_coding,3,140
STMN1,protein_coding,3,136
MSI2,protein_coding,3,131
WNT7A,protein_coding,3,130
GLI2,transcription_factor,3,129
HMGB2,transcription_factor,3,126
ARL2,protein_coding,3,125
PFKFB3,protein_coding,3,123
HOXC6,transcription_factor,3,120
PSTPIP1,protein_coding,3,119
ELL2,protein_coding,3,118
CANT1,protein_coding,3,116
FOXP2,transcription_factor,3,116
PAPPA,protein_coding,3,115
HOXC8,transcription_factor,3,111
WNT2B,protein_coding,3,99
SATB2,transcription_factor,3,95
MUC5AC,protein_coding,3,95
EIF2AK3,protein_coding,3,84
FMNL2,protein_coding,3,81
STC2,protein_coding,3,77
DKK3,protein_coding,3,74
CBX7,protein_coding,3,74
NFIB,transcription_factor,3,73
PCDH10,protein_coding,3,68
IDO1,protein_coding,3,67
SCAMP1,protein_coding,3,67
EGLN2,protein_coding,3,65
TRIM44,protein_coding,3,64
GDF15,protein_coding,3,62
TDG,protein_coding,3,62
BIRC7,protein_coding,3,60
TRIB2,protein_coding,3,51
TATDN1,protein_coding,3,44
DDX11,protein_coding,3,43
RND3,protein_coding,3,41
NPR3,protein_coding,3,40
PHLPP2,protein_coding,3,38
HOXB13,transcription_factor,3,25
LMX1A,transcription_factor,3,22
ADPGK-AS1,lncRNA,3,3
PCAT18,lncRNA,3,3
MIRLET7A1,miRNA,3,3
BABAM2-AS1,lncRNA,3,3
BBOX1-AS1,lncRNA,3,3
LINC00458,lncRNA,3,3
MIR485,miRNA,3,3
C20orf204,protein_coding,3,3
MIR20B,miRNA,3,3
CASC19,lncRNA,3,3
MIR24-1,miRNA,3,3
MIR20A,miRNA,3,3
CDR1-AS,lncRNA,3,3
MIRLET7B,miRNA,3,3
TEX41,lncRNA,3,3
MIR384,miRNA,3,3
MIR760,miRNA,3,3
PRR34-AS1,lncRNA,3,3
ECRG4,protein_coding,3,3
LINC01089,lncRNA,3,3
RPL34-DT,lncRNA,3,3
ENSG00000249945,lncRNA,3,3
MIR31,miRNA,3,3
FAM225A,lncRNA,3,3
FAM83A-AS1,lncRNA,3,3
FAS-AS1,lncRNA,3,3
MIR342,miRNA,3,3
FOXC2-AS1,lncRNA,3,3
GAS6-DT,lncRNA,3,3
GASAL1,lncRNA,3,3
GATA6-AS1,lncRNA,3,3
GRHL2-DT,lncRNA,3,3
MIR22,miRNA,3,3
MIR219A1,miRNA,3,3
MIR330,miRNA,3,3
MIR106B,miRNA,3,3
IDH1-AS1,lncRNA,3,3
IFNG-AS1,lncRNA,3,3
KCNMA1-AS1,lncRNA,3,3
KLF3-AS1,lncRNA,3,3
LDC1P,pseudogene,3,3
LERFS,lncRNA,3,3
LINC00115,lncRNA,3,3
LINC00161,lncRNA,3,3
LINC00210,lncRNA,3,3
LINC00355,lncRNA,3,3
LINC00466,lncRNA,3,3
LINC00470,lncRNA,3,3
LINC00628,lncRNA,3,3
LINC00702,lncRNA,3,3
LINC00839,lncRNA,3,3
MIR454,miRNA,3,3
LINC00886,lncRNA,3,3
LINC00968,lncRNA,3,3
MIR134,miRNA,3,3
LINC01138,lncRNA,3,3
LINC01354,lncRNA,3,3
LINC01410,lncRNA,3,3
LINC01436,lncRNA,3,3
LINC01554,lncRNA,3,3
MIR93,miRNA,3,3
LINC02349,lncRNA,3,3
MIR27A,miRNA,3,3
LINC02418,lncRNA,3,3
LINC02633,lncRNA,3,3
LINC02963,lncRNA,3,3
LNCOC1,lncRNA,3,3
LUNAR1,lncRNA,3,3
MIR448,miRNA,3,3
MCF2L-AS1,lncRNA,3,3
MIR455,miRNA,3,3
MGAT3-AS1,lncRNA,3,3
MIR133A1,miRNA,3,3
MIR124-1HG,lncRNA,3,3
MIR148B,miRNA,3,3
MIR17HG,lncRNA,3,3
MIR182,miRNA,3,3
MIR212,miRNA,3,3
MIR216A,miRNA,3,3
MIR221,miRNA,3,3
MIR23B,miRNA,3,3
MIR193B,miRNA,3,3
MIR375,miRNA,3,3
MIR383,miRNA,3,3
MIR425,miRNA,3,3
MIR7-1,miRNA,3,3
MIRLET7C,miRNA,3,3
MITA1,lncRNA,3,3
MYCNOS,lncRNA,3,3
MIR98,miRNA,3,3
MIR382,miRNA,3,3
ZFX,transcription_factor,3,3
NUTM2A-AS1,lncRNA,3,3
OTUD6B-AS1,lncRNA,3,3
OXCT1-AS1,lncRNA,3,3
PCAT7,lncRNA,3,3
PDIA3P1,pseudogene,3,3
PGM5-AS1,lncRNA,3,3
PRDM16-DT,lncRNA,3,3
PSMA3-AS1,lncRNA,3,3
SATB2-AS1,lncRNA,3,3
SEMA3B-AS1,lncRNA,3,3
SH3PXD2A-AS1,lncRNA,3,3
SMAD5-AS1,lncRNA,3,3
SMILR,lncRNA,3,3
SNHG22,lncRNA,3,3
SNHG9,lncRNA,3,3
SOCS2-AS1,lncRNA,3,3
ST3GAL6-AS1,lncRNA,3,3
ST8SIA6-AS1,lncRNA,3,3
TARID,lncRNA,3,3
TCAM1P,pseudogene,3,3
TCL6,lncRNA,3,3
THAP9-AS1,lncRNA,3,3
TNK2-AS1,lncRNA,3,3
TONSL-AS1,lncRNA,3,3
MIR451A,miRNA,3,3
WDFY3-AS2,lncRNA,3,3
MIR625,miRNA,3,3
ZNF609,protein_coding,3,3
HNF4A,transcription_factor,2,3082
HNRNPL,protein_coding,2,1764
HSP90AA1,protein_coding,2,1441
HNF1A,transcription_factor,2,1371
VDR,transcription_factor,2,1211
PIK3R1,protein_coding,2,1030
SQSTM1,protein_coding,2,1008
ATF2,transcription_factor,2,980
SFPQ,protein_coding,2,894
STAT6,transcription_factor,2,858
FASN,protein_coding,2,843
CREBBP,protein_coding,2,842
TFAP4,transcription_factor,2,824
EWSR1,protein_coding,2,747
ATM,protein_coding,2,724
HNRNPD,protein_coding,2,720
PABPC1,protein_coding,2,719
ITGA4,protein_coding,2,673
EIF4A3,protein_coding,2,669
PRKDC,protein_coding,2,669
IRF1,transcription_factor,2,666
RXRA,transcription_factor,2,646
SORBS2,protein_coding,2,643
SOS1,protein_coding,2,625
GABARAPL2,protein_coding,2,618
CBL,protein_coding,2,617
IL10,protein_coding,2,617
EED,protein_coding,2,612
FOS,transcription_factor,2,586
PIK3R2,protein_coding,2,573
AURKB,protein_coding,2,553
MYH9,protein_coding,2,539
SRF,transcription_factor,2,531
MAP1LC3A,protein_coding,2,492
SNCA,protein_coding,2,482
TGFA,protein_coding,2,479
PSEN1,protein_coding,2,465
RAB1A,protein_coding,2,463
REST,transcription_factor,2,460
CAV1,protein_coding,2,446
BMP2,protein_coding,2,446
TFAP2A,transcription_factor,2,445
KDR,protein_coding,2,442
NAMPT,protein_coding,2,433
IL2,protein_coding,2,427
ATF4,transcription_factor,2,425
SFN,protein_coding,2,416
NFKBIA,protein_coding,2,416
IKBKB,protein_coding,2,413
SRSF2,protein_coding,2,407
TPM1,protein_coding,2,407
PAX6,transcription_factor,2,394
MAP3K7,protein_coding,2,391
TRIM24,protein_coding,2,390
CHRNB2,protein_coding,2,386
DICER1,protein_coding,2,384
RAD51,protein_coding,2,382
METTL14,protein_coding,2,381
TFRC,protein_coding,2,376
FGF7,protein_coding,2,365
BACH1,transcription_factor,2,357
KIT,protein_coding,2,352
TP73,transcription_factor,2,350
KPNA2,protein_coding,2,347
XBP1,transcription_factor,2,347
TERF2,transcription_factor,2,345
WTAP,protein_coding,2,344
IGF2BP3,protein_coding,2,337
PTGS2,protein_coding,2,337
PRDX1,protein_coding,2,337
SKP2,protein_coding,2,334
CDC25A,protein_coding,2,334
SP3,transcription_factor,2,334
TP63,transcription_factor,2,334
RALY,protein_coding,2,332
CBX3,protein_coding,2,325
MECP2,transcription_factor,2,323
EIF4E,protein_coding,2,322
HGF,protein_coding,2,316
MTA1,transcription_factor,2,315
SIRT6,protein_coding,2,292
CDX2,transcription_factor,2,290
GLUD1,protein_coding,2,284
CXCL10,protein_coding,2,283
HOXA9,transcription_factor,2,279
CDC25C,protein_coding,2,278
KRT17,protein_coding,2,277
FOXA2,transcription_factor,2,276
SMO,protein_coding,2,273
CDK5,protein_coding,2,271
NDUFA4,protein_coding,2,270
GSTP1,protein_coding,2,269
NFATC3,transcription_factor,2,259
FRS2,protein_coding,2,251
FBP1,protein_coding,2,248
GCM1,protein_coding,2,246
RAD18,protein_coding,2,245
COL1A2,protein_coding,2,244
CENPE,protein_coding,2,239
TAFAZZIN,protein_coding,2,237
RPS6KB1,protein_coding,2,233
EPAS1,protein_coding,2,233
CTCF,transcription_factor,2,230
SGK1,protein_coding,2,230
NR4A1,transcription_factor,2,224
MCM6,protein_coding,2,220
CCNA1,protein_coding,2,216
BAK1,protein_coding,2,214
TRAF3,protein_coding,2,208
CYCS,protein_coding,2,207
THBS1,protein_coding,2,205
PRPS1,protein_coding,2,204
INCENP,protein_coding,2,201
GLS,protein_coding,2,200
AP1G1,protein_coding,2,195
LAMC2,protein_coding,2,190
PLK4,protein_coding,2,190
EPHA7,protein_coding,2,189
NBDY,protein_coding,2,184
KIF23,protein_coding,2,183
VASP,protein_coding,2,181
IL11,protein_coding,2,173
MARK4,protein_coding,2,172
CDH5,protein_coding,2,172
LAMB3,protein_coding,2,171
GDNF,protein_coding,2,171
DUSP5,protein_coding,2,170
LAMC1,protein_coding,2,168
SPAG9,protein_coding,2,161
RSF1,protein_coding,2,160
LAMTOR5,protein_coding,2,159
CD40,protein_coding,2,157
NLK,protein_coding,2,156
BMP7,protein_coding,2,155
ID2,transcription_factor,2,154
RAB11B,protein_coding,2,154
GSTM3,protein_coding,2,152
UHRF1,protein_coding,2,152
WNT4,protein_coding,2,151
CEP55,protein_coding,2,149
CLOCK,transcription_factor,2,149
EIF4EBP1,protein_coding,2,148
TCF7,transcription_factor,2,146
SPP1,protein_coding,2,146
CX3CL1,protein_coding,2,145
CBS,protein_coding,2,145
RICTOR,protein_coding,2,145
S100A4,protein_coding,2,144
NSUN2,protein_coding,2,143
AXIN2,protein_coding,2,136
DCTN6,protein_coding,2,135
BAD,protein_coding,2,133
KDM2A,protein_coding,2,126
SPAG5,protein_coding,2,126
TNFSF11,protein_coding,2,124
WNT3,protein_coding,2,124
USP47,protein_coding,2,123
PFN2,protein_coding,2,123
NFIA,transcription_factor,2,123
PAK5,protein_coding,2,122
SHH,protein_coding,2,118
TSHR,protein_coding,2,115
GOLM1,protein_coding,2,113
ID1,transcription_factor,2,113
ANGPTL4,protein_coding,2,112
WNT2,protein_coding,2,111
MAP3K2,protein_coding,2,111
FARP1,protein_coding,2,110
WNT10B,protein_coding,2,106
TPD52,protein_coding,2,104
HELZ,protein_coding,2,101
BMP1,protein_coding,2,101
ADAM17,protein_coding,2,100
CFL2,protein_coding,2,98
CELF1,protein_coding,2,97
TYMS,protein_coding,2,97
AGER,protein_coding,2,96
WNT7B,protein_coding,2,96
ROBO1,protein_coding,2,93
CCL21,protein_coding,2,90
BNIP3,protein_coding,2,88
SATB1,transcription_factor,2,88
TLR3,protein_coding,2,87
KDM3A,protein_coding,2,86
PRC1,protein_coding,2,84
HAS2,protein_coding,2,83
KRT7,protein_coding,2,83
PROX1,transcription_factor,2,83
HAVCR2,protein_coding,2,82
IP6K2,protein_coding,2,82
E2F5,transcription_factor,2,82
CCNG2,protein_coding,2,80
MELK,protein_coding,2,80
APAF1,protein_coding,2,79
SLC26A2,protein_coding,2,79
ST8SIA4,protein_coding,2,78
HOXA11,transcription_factor,2,78
WWTR1,protein_coding,2,77
HEY2,transcription_factor,2,76
PHLPP1,protein_coding,2,76
NKD1,protein_coding,2,73
HMGB3,transcription_factor,2,73
ECM1,protein_coding,2,70
RAB5IF,protein_coding,2,70
NACC1,protein_coding,2,68
GLS2,protein_coding,2,68
IFIT2,protein_coding,2,65
BTG2,protein_coding,2,65
IL24,protein_coding,2,64
CPEB4,protein_coding,2,64
NRP2,protein_coding,2,64
HIF3A,protein_coding,2,64
MRTFA,transcription_factor,2,64
NUAK1,protein_coding,2,63
MX1,protein_coding,2,62
NMU,protein_coding,2,61
HOXB8,transcription_factor,2,60
PRSS8,protein_coding,2,59
NDRG2,protein_coding,2,59
CCL18,protein_coding,2,57
CCNG1,protein_coding,2,57
AQP4,protein_coding,2,57
ATG14,protein_coding,2,55
GALM,protein_coding,2,50
CLDN2,protein_coding,2,49
CYTH3,protein_coding,2,48
GAS6,protein_coding,2,46
SRA1,protein_coding,2,46
HOXA7,transcription_factor,2,45
CAPN7,protein_coding,2,45
TGFBI,protein_coding,2,43
FOXC2,transcription_factor,2,43
FOXR2,transcription_factor,2,40
CDCA4,protein_coding,2,40
NKD2,protein_coding,2,39
SP7,transcription_factor,2,39
NSG1,protein_coding,2,37
TCF21,transcription_factor,2,37
WIF1,protein_coding,2,37
ABCA3,protein_coding,2,36
SALL4,transcription_factor,2,36
RAB3D,protein_coding,2,35
KISS1,protein_coding,2,34
SOX12,transcription_factor,2,33
GATD3,protein_coding,2,32
E2F8,transcription_factor,2,31
ARPP19,protein_coding,2,30
CPEB2,protein_coding,2,29
TET1,protein_coding,2,29
RASAL1,protein_coding,2,28
SOX6,transcription_factor,2,28
DKK2,protein_coding,2,28
PHLDA1,protein_coding,2,27
DHX33,protein_coding,2,27
TP53INP1,protein_coding,2,27
CUEDC2,protein_coding,2,27
DAPK2,protein_coding,2,26
IL22,protein_coding,2,25
SOX13,transcription_factor,2,25
FOXO6,transcription_factor,2,25
POSTN,protein_coding,2,24
CPEB3,protein_coding,2,24
VOPP1,protein_coding,2,24
TESC,protein_coding,2,24
MMP16,protein_coding,2,22
FOXF1,transcription_factor,2,22
OLR1,protein_coding,2,21
MMP15,protein_coding,2,20
NLRC5,protein_coding,2,19
RFX7,transcription_factor,2,16
FAIM2,protein_coding,2,15
ATG4D,protein_coding,2,15
CEMIP,protein_coding,2,11
FEZF1,transcription_factor,2,9
LRIG2,protein_coding,2,8
BRI3,protein_coding,2,5
ACTG1P25,pseudogene,2,2
MIR542,miRNA,2,2
ARAP1-AS1,lncRNA,2,2
ASB16-AS1,lncRNA,2,2
ASMTL-AS1,lncRNA,2,2
BACE1-AS,lncRNA,2,2
MIR519D,miRNA,2,2
BOK-AS1,lncRNA,2,2
CCN4,protein_coding,2,2
MANCR,lncRNA,2,2
C2orf92,protein_coding,2,2
CAMTA1-DT,lncRNA,2,2
CARMN,lncRNA,2,2
CCDC144NL-AS1,lncRNA,2,2
CCDST,lncRNA,2,2
CCND2-AS1,lncRNA,2,2
MIR574,miRNA,2,2
MIR449A,miRNA,2,2
KLF14,transcription_factor,2,2
CLMAT3,lncRNA,2,2
CLRN1-AS1,lncRNA,2,2
COL1A2-AS1,lncRNA,2,2
MIR136,miRNA,2,2
CYCSP5,pseudogene,2,2
DALIR,lncRNA,2,2
DCST1-AS1,lncRNA,2,2
ZFAT-AS1,lncRNA,2,2
MIR146B,miRNA,2,2
MIR4429,miRNA,2,2
DPP10-AS1,lncRNA,2,2
ERICD,lncRNA,2,2
EIF3J-DT,lncRNA,2,2
ELDR,lncRNA,2,2
EMX2OS,lncRNA,2,2
ENSG00000237894,pseudogene,2,2
MIR650,miRNA,2,2
ENSG00000243960,lncRNA,2,2
ENSG00000260583,lncRNA,2,2
ENSG00000270066,lncRNA,2,2
ENSG00000271127,pseudogene,2,2
MRPL23-AS1,lncRNA,2,2
FAM201A,lncRNA,2,2
MIR1275,miRNA,2,2
FAM230B,lncRNA,2,2
FAM30A,lncRNA,2,2
MIR761,miRNA,2,2
MIR106A,miRNA,2,2
FGF13-AS1,lncRNA,2,2
FKBP9P1,pseudogene,2,2
OLA1P2,pseudogene,2,2
MIR224,miRNA,2,2
MIR1297,miRNA,2,2
MIR135B,miRNA,2,2
MIR18A,miRNA,2,2
MIR222,miRNA,2,2
MIR23A,miRNA,2,2
GAS6-AS1,lncRNA,2,2
GATA2-AS1,lncRNA,2,2
GCAWKR,lncRNA,2,2
GRASLND,lncRNA,2,2
GSEC,lncRNA,2,2
GSTP1P1,pseudogene,2,2
CCN2,protein_coding,2,2
MACC1,protein_coding,2,2
MIR100,miRNA,2,2
HNRNPKP2,pseudogene,2,2
LINC02273,lncRNA,2,2
MIR326,miRNA,2,2
MIR545,miRNA,2,2
MIR490,miRNA,2,2
MIR331,miRNA,2,2
HOXC-AS1,lncRNA,2,2
HOXC13-AS,lncRNA,2,2
ID2-AS1,lncRNA,2,2
MIR627,miRNA,2,2
MIR10A,miRNA,2,2
ITIH4-AS1,lncRNA,2,2
KTN1-AS1,lncRNA,2,2
MIR4301,miRNA,2,2
LINC00163,lncRNA,2,2
LINC00184,lncRNA,2,2
MIR422A,miRNA,2,2
LINC00336,lncRNA,2,2
MIR539,miRNA,2,2
LINC00462,lncRNA,2,2
MIR515-1,miRNA,2,2
LINC00525,lncRNA,2,2
LINC00536,lncRNA,2,2
LINC00612,lncRNA,2,2
LINC00630,lncRNA,2,2
LINC00659,lncRNA,2,2
MIR15B,miRNA,2,2
KLF7,transcription_factor,2,2
LINC00857,lncRNA,2,2
LINC00899,lncRNA,2,2
LINC00922,lncRNA,2,2
LINC00941,lncRNA,2,2
LINC00997,lncRNA,2,2
LINC01048,lncRNA,2,2
LINC01088,lncRNA,2,2
LINC01093,lncRNA,2,2
LINC01118,lncRNA,2,2
LINC01123,lncRNA,2,2
LINC01134,lncRNA,2,2
LINC01198,lncRNA,2,2
LINC01232,lncRNA,2,2
LINC01287,lncRNA,2,2
LINC01303,lncRNA,2,2
LINC01433,lncRNA,2,2
LINC01518,lncRNA,2,2
LINC01551,lncRNA,2,2
LINC01564,lncRNA,2,2
LINC01585,lncRNA,2,2
LINC01605,lncRNA,2,2
MIR423,miRNA,2,2
LINC01705,lncRNA,2,2
LINC01857,lncRNA,2,2
LINC02566,lncRNA,2,2
LINC02835,lncRNA,2,2
LINC02966,lncRNA,2,2
LNCRNA-IUR,lncRNA,2,2
LNCSRLR,lncRNA,2,2
LNMICC,lncRNA,2,2
MIR199B,miRNA,2,2
MIR127,miRNA,2,2
MIR202,miRNA,2,2
MIR503,miRNA,2,2
MIR96,miRNA,2,2
MAP3K20-AS1,lncRNA,2,2
MAPKAPK5-AS1,lncRNA,2,2
MIR494,miRNA,2,2
MHRT,lncRNA,2,2
MIR495,miRNA,2,2
MIF-AS1,lncRNA,2,2
MIR1-1,miRNA,2,2
MIR19A,miRNA,2,2
MIR19B1,miRNA,2,2
MIR222HG,lncRNA,2,2
MIR4288,miRNA,2,2
MIR493HG,lncRNA,2,2
MIR548K,miRNA,2,2
MIR592,miRNA,2,2
MIR675,miRNA,2,2
MIR924HG,lncRNA,2,2
MROCKI,lncRNA,2,2
MIR646,miRNA,2,2
MIR508,miRNA,2,2
MYLK-AS1,lncRNA,2,2
MIR335,miRNA,2,2
NFIA-AS1,lncRNA,2,2
NHEG1,lncRNA,2,2
NIFK-AS1,lncRNA,2,2
MIR363,miRNA,2,2
NRAD1,lncRNA,2,2
NRIR,lncRNA,2,2
NRON,lncRNA,2,2
OGFRP1,lncRNA,2,2
MIR183,miRNA,2,2
PACERR,lncRNA,2,2
PAUPAR,lncRNA,2,2
PCAT19,lncRNA,2,2
PCDHB17P,pseudogene,2,2
PCNAP1,pseudogene,2,2
PCSEAT,lncRNA,2,2
PHACTR2-AS1,lncRNA,2,2
PICART1,lncRNA,2,2
PRAC2,protein_coding,2,2
PSMB8-AS1,lncRNA,2,2
MIR296,miRNA,2,2
MIR188,miRNA,2,2
PTPRG-AS1,lncRNA,2,2
MIR488,miRNA,2,2
PWRN1,lncRNA,2,2
RAD51-AS1,lncRNA,2,2
RASSF1-AS1,lncRNA,2,2
RB1-DT,lncRNA,2,2
RBM5-AS1,lncRNA,2,2
RP1,protein_coding,2,2
RPL13AP23,pseudogene,2,2
RTL1,protein_coding,2,2
RUNX1-IT1,lncRNA,2,2
SAMD12-AS1,lncRNA,2,2
SCHLAP1,lncRNA,2,2
SCIRT,lncRNA,2,2
SLC2A1-DT,lncRNA,2,2
MIR942,miRNA,2,2
SPAG5-AS1,lncRNA,2,2
ZNF703,protein_coding,2,2
SSTR5-AS1,lncRNA,2,2
TFAP2A-AS1,lncRNA,2,2
TILRLS,lncRNA,2,2
TMEM18,protein_coding,2,2
TMEM183AP2,pseudogene,2,2
TMPOP2,pseudogene,2,2
TP53TG1,lncRNA,2,2
TSPOAP1-AS1,lncRNA,2,2
UC.134,lncRNA,2,2
VIM-AS1,lncRNA,2,2
ESR2,transcription_factor,1,3250
TRIM25,protein_coding,1,2297
FOXO4,transcription_factor,1,1997
UBA52,protein_coding,1,1373
TAF1,protein_coding,1,1343
CXCL8,protein_coding,1,1315
SF1,protein_coding,1,1280
FYN,protein_coding,1,1248
GATA1,transcription_factor,1,1209
CEBPA,transcription_factor,1,1169
ETS2,transcription_factor,1,1151
GAPDH,protein_coding,1,1125
NF1,protein_coding,1,1100
CDC5L,transcription_factor,1,1100
HRAS,protein_coding,1,1031
MEF2A,transcription_factor,1,1012
MCM2,protein_coding,1,1011
HSPA5,protein_coding,1,978
COPS5,protein_coding,1,977
HNRNPU,protein_coding,1,927
HNRNPA1,protein_coding,1,918
SMN1,protein_coding,1,896
EGF,protein_coding,1,887
SHC1,protein_coding,1,884
H2AX,protein_coding,1,805
ACSL4,protein_coding,1,801
TUBA1A,protein_coding,1,796
E4F1,transcription_factor,1,793
PHGDH,protein_coding,1,780
SERPINH1,protein_coding,1,768
SPI1,transcription_factor,1,763
KAT2B,protein_coding,1,747
CALM2,protein_coding,1,743
PPP2CA,protein_coding,1,739
PLK1,protein_coding,1,728
EEF1A1,protein_coding,1,721
ATG16L1,protein_coding,1,716
SETD1A,protein_coding,1,715
ATF3,transcription_factor,1,703
RFX1,transcription_factor,1,682
YWHAH,protein_coding,1,671
UBE2I,protein_coding,1,670
CUL4B,protein_coding,1,665
VDAC1,protein_coding,1,663
ACSL1,protein_coding,1,657
SLBP,protein_coding,1,655
STIM1,protein_coding,1,655
FGF9,protein_coding,1,655
PPP1CA,protein_coding,1,652
GCLM,protein_coding,1,648
SYK,protein_coding,1,638
VAMP2,protein_coding,1,633
IKBKG,protein_coding,1,623
SEMA7A,protein_coding,1,622
STAT2,transcription_factor,1,619
SMAD1,transcription_factor,1,616
YES1,protein_coding,1,609
ABL1,protein_coding,1,602
PXN,protein_coding,1,600
PDGFB,protein_coding,1,594
CLU,protein_coding,1,589
SYNCRIP,protein_coding,1,575
MT2A,protein_coding,1,563
IQGAP1,protein_coding,1,562
ERBB4,protein_coding,1,549
G3BP1,protein_coding,1,549
PFKP,protein_coding,1,545
NCK1,protein_coding,1,541
RANBP2,protein_coding,1,534
ENO1,protein_coding,1,534
SMURF1,protein_coding,1,530
PLA2G4A,protein_coding,1,522
CUL4A,protein_coding,1,515
SIN3A,protein_coding,1,511
GAB2,protein_coding,1,510
ITGAV,protein_coding,1,508
CDC34,protein_coding,1,506
ACTG2,protein_coding,1,506
AKR1B1,protein_coding,1,504
FGFR2,protein_coding,1,502
E2F4,transcription_factor,1,500
GAB1,protein_coding,1,500
HMOX1,protein_coding,1,499
SHMT2,protein_coding,1,498
RET,protein_coding,1,497
CXCR2,protein_coding,1,495
SYNJ1,protein_coding,1,492
AGTR1,protein_coding,1,491
RRM1,protein_coding,1,488
FGFR3,protein_coding,1,483
UBE3A,protein_coding,1,482
TMPO,protein_coding,1,481
RACK1,protein_coding,1,480
SLC1A5,protein_coding,1,479
CDK7,protein_coding,1,479
SMARCA4,protein_coding,1,478
SMARCB1,protein_coding,1,466
PTPN6,protein_coding,1,465
MAFG,transcription_factor,1,463
TARDBP,protein_coding,1,457
PRMT1,protein_coding,1,456
ACAA1,protein_coding,1,455
NAP1L1,protein_coding,1,453
ADIPOQ,protein_coding,1,441
C1QBP,protein_coding,1,439
GNAS,protein_coding,1,436
GOT1,protein_coding,1,436
NCOA1,protein_coding,1,435
SYT1,protein_coding,1,434
SLC7A5,protein_coding,1,434
CSNK1E,protein_coding,1,430
RPL4,protein_coding,1,430
MCM5,protein_coding,1,428
INPP5D,protein_coding,1,428
TRPM7,protein_coding,1,427
PRKCE,protein_coding,1,426
JAK3,protein_coding,1,426
PGR,transcription_factor,1,423
PSMC3,protein_coding,1,423
PTK2B,protein_coding,1,421
H1-2,protein_coding,1,420
TCF12,transcription_factor,1,415
FLOT1,protein_coding,1,414
PDHB,protein_coding,1,412
PIN1,protein_coding,1,410
OTUB1,protein_coding,1,409
CCT6A,protein_coding,1,405
CPT1A,protein_coding,1,405
FZD4,protein_coding,1,404
AKR1B10,protein_coding,1,403
GCLC,protein_coding,1,401
SMC1A,protein_coding,1,401
CXCR1,protein_coding,1,400
ARF6,protein_coding,1,398
SRSF7,protein_coding,1,398
MYBBP1A,protein_coding,1,396
NCOR2,transcription_factor,1,393
TRAF4,protein_coding,1,391
ITPR1,protein_coding,1,389
FLOT2,protein_coding,1,384
PAK1,protein_coding,1,379
CTNND1,protein_coding,1,378
FMR1,protein_coding,1,377
PRKAB1,protein_coding,1,377
EIF4G1,protein_coding,1,377
FGF1,protein_coding,1,375
LRPPRC,protein_coding,1,374
IL7R,protein_coding,1,374
UBE2C,protein_coding,1,371
CDC20,protein_coding,1,370
AKAP9,protein_coding,1,369
PRKAG1,protein_coding,1,369
EREG,protein_coding,1,368
RAC2,protein_coding,1,367
ADH4,protein_coding,1,364
IRF7,transcription_factor,1,363
MAP3K1,protein_coding,1,361
PYCR1,protein_coding,1,361
CCT4,protein_coding,1,360
ALDH1A1,protein_coding,1,359
EPHA2,protein_coding,1,357
CD80,protein_coding,1,355
MAP2K1,protein_coding,1,355
HSF2,protein_coding,1,350
ATP7A,protein_coding,1,348
MTA2,transcription_factor,1,348
SLC27A4,protein_coding,1,345
IRAK1,protein_coding,1,345
SRSF6,protein_coding,1,341
MIF,protein_coding,1,338
MTHFR,protein_coding,1,336
ITCH,protein_coding,1,334
FGF19,protein_coding,1,334
RBL2,protein_coding,1,331
CYP1A2,protein_coding,1,330
CFL1,protein_coding,1,328
DDX23,protein_coding,1,325
SLC20A1,protein_coding,1,319
RYR2,protein_coding,1,317
AGO1,protein_coding,1,316
RAB1B,protein_coding,1,315
NTRK3,protein_coding,1,315
BRAF,protein_coding,1,313
RAB5A,protein_coding,1,311
NOP58,protein_coding,1,308
EYA2,protein_coding,1,306
NF2,protein_coding,1,305
CSF2,protein_coding,1,305
CASP7,protein_coding,1,303
SLC34A2,protein_coding,1,302
GATA6,transcription_factor,1,296
IRS2,protein_coding,1,296
PLA2G2A,protein_coding,1,294
MAT2A,protein_coding,1,292
DSP,protein_coding,1,292
ELF2,transcription_factor,1,291
RREB1,transcription_factor,1,287
BRCA2,protein_coding,1,285
PPP2R2A,protein_coding,1,285
TRPC3,protein_coding,1,285
AIMP2,protein_coding,1,284
GTF2H1,protein_coding,1,284
EIF6,protein_coding,1,284
USP39,protein_coding,1,283
KRT14,protein_coding,1,283
JARID2,transcription_factor,1,283
FZD7,protein_coding,1,283
IL13,protein_coding,1,283
ZIC2,transcription_factor,1,279
EYA1,protein_coding,1,279
HLA-DRB1,protein_coding,1,278
PPARGC1A,protein_coding,1,278
CBX4,protein_coding,1,277
DES,protein_coding,1,276
ELF1,transcription_factor,1,275
NEK2,protein_coding,1,273
ABCE1,protein_coding,1,272
CBX5,protein_coding,1,270
DRD1,protein_coding,1,270
CCAR2,protein_coding,1,270
BUB1B,protein_coding,1,268
PTPN2,protein_coding,1,268
RBBP8,protein_coding,1,267
GFPT1,protein_coding,1,265
ACOT7,protein_coding,1,265
PDX1,transcription_factor,1,264
HK1,protein_coding,1,263
GRK2,protein_coding,1,261
PTCH1,protein_coding,1,260
HDAC8,protein_coding,1,259
ITGB4,protein_coding,1,259
XRN2,protein_coding,1,259
OIP5,protein_coding,1,257
PARP2,protein_coding,1,256
LYAR,protein_coding,1,255
PA2G4,protein_coding,1,255
HIP1,protein_coding,1,254
FOXD3,transcription_factor,1,254
ZBTB16,transcription_factor,1,253
TK1,protein_coding,1,253
CREB3,transcription_factor,1,249
WWP1,protein_coding,1,248
LARP1,protein_coding,1,248
STK11,protein_coding,1,247
FZD3,protein_coding,1,246
BIRC3,protein_coding,1,245
USP9X,protein_coding,1,245
SYF2,protein_coding,1,244
EPHA1,protein_coding,1,244
BMP4,protein_coding,1,244
CREB5,transcription_factor,1,244
IL12A,protein_coding,1,243
RAB3IP,protein_coding,1,242
SIAH1,protein_coding,1,242
CXCL12,protein_coding,1,241
KPNA3,protein_coding,1,240
HSPG2,protein_coding,1,239
RING1,protein_coding,1,238
BMPR1A,protein_coding,1,236
JMJD6,transcription_factor,1,236
GARS1,protein_coding,1,236
NPHS1,protein_coding,1,235
KHSRP,protein_coding,1,235
SETDB1,transcription_factor,1,234
TNRC6A,protein_coding,1,233
CDC14A,protein_coding,1,233
MYL9,protein_coding,1,233
UBXN1,protein_coding,1,232
MCM4,protein_coding,1,232
FLNB,protein_coding,1,232
SREBF2,transcription_factor,1,231
MSH2,protein_coding,1,229
TRADD,protein_coding,1,229
SMC2,protein_coding,1,229
LMO4,protein_coding,1,225
KMT2C,protein_coding,1,224
ITGA5,protein_coding,1,224
NCALD,protein_coding,1,223
DKC1,protein_coding,1,223
SCD,protein_coding,1,220
CPS1,protein_coding,1,219
GTSE1,protein_coding,1,219
RRAS,protein_coding,1,218
HOXA3,transcription_factor,1,217
APEX1,protein_coding,1,217
INHBA,protein_coding,1,215
HOXC4,transcription_factor,1,215
FKBP5,protein_coding,1,215
RPL34,protein_coding,1,215
RHOB,protein_coding,1,212
BMPR2,protein_coding,1,212
CORO1C,protein_coding,1,212
CHPT1,protein_coding,1,211
BMPR1B,protein_coding,1,211
SPRY2,protein_coding,1,210
IL18,protein_coding,1,210
GTF2H2,protein_coding,1,209
ACY1,protein_coding,1,209
ITGA3,protein_coding,1,209
FLT1,protein_coding,1,209
NQO1,protein_coding,1,208
BUB1,protein_coding,1,205
PNPO,protein_coding,1,205
B3GNT5,protein_coding,1,205
TACR1,protein_coding,1,205
TWF1,protein_coding,1,205
TRIP13,protein_coding,1,205
NUMB,protein_coding,1,205
KDM6A,protein_coding,1,204
GSR,protein_coding,1,203
CCNB2,protein_coding,1,203
LMO3,protein_coding,1,203
PTMA,protein_coding,1,202
MACROH2A1,protein_coding,1,202
KNL1,protein_coding,1,202
MIA2,protein_coding,1,202
VCAN,protein_coding,1,201
LPCAT1,protein_coding,1,200
EPHA4,protein_coding,1,200
TAF15,protein_coding,1,199
COMMD6,protein_coding,1,198
WNK1,protein_coding,1,198
ROR2,protein_coding,1,198
SEC61A1,protein_coding,1,197
RAB9A,protein_coding,1,196
PDE4D,protein_coding,1,195
KRT19,protein_coding,1,194
FADD,protein_coding,1,193
TSC1,protein_coding,1,193
GPX4,protein_coding,1,192
DUSP4,protein_coding,1,191
SLC22A1,transcription_factor,1,191
SERPINE1,protein_coding,1,190
PTP4A1,protein_coding,1,190
EIF5A,protein_coding,1,190
NCKAP1L,protein_coding,1,189
CTBP2,protein_coding,1,187
TNFRSF1B,protein_coding,1,187
G3BP2,protein_coding,1,186
COL6A1,protein_coding,1,186
SKIL,protein_coding,1,186
DIAPH1,protein_coding,1,184
HDAC11,protein_coding,1,184
MTA3,transcription_factor,1,183
CYP26B1,protein_coding,1,183
GPI,protein_coding,1,181
FAF1,protein_coding,1,181
ACP5,protein_coding,1,181
MED12,protein_coding,1,180
ABL2,protein_coding,1,180
DAPK1,protein_coding,1,180
CCL11,protein_coding,1,179
FKBP1A,protein_coding,1,179
DUX4,protein_coding,1,177
CDK5R1,protein_coding,1,177
CENPF,protein_coding,1,175
MKRN3,protein_coding,1,175
YAF2,protein_coding,1,173
GHR,protein_coding,1,172
RBFOX2,protein_coding,1,171
AMOT,protein_coding,1,171
ITGB8,protein_coding,1,170
USP22,protein_coding,1,169
TP53BP2,protein_coding,1,168
IPO7,protein_coding,1,166
HDAC7,protein_coding,1,166
GLI3,transcription_factor,1,166
BHLHE40,transcription_factor,1,165
KDM6B,protein_coding,1,165
DUSP7,protein_coding,1,165
LGALS1,protein_coding,1,165
ACVR2B,protein_coding,1,164
SMG1,protein_coding,1,163
PAX8,transcription_factor,1,162
PGAM1,protein_coding,1,162
RDX,protein_coding,1,161
IL6R,protein_coding,1,161
CTNND2,protein_coding,1,160
CYC1,protein_coding,1,159
NFKBIB,protein_coding,1,159
RTCB,protein_coding,1,158
GLO1,protein_coding,1,158
SPRY1,protein_coding,1,158
TPX2,protein_coding,1,157
TNFAIP3,protein_coding,1,157
SKA1,protein_coding,1,157
GIT1,protein_coding,1,156
CKS1B,protein_coding,1,156
BCLAF1,protein_coding,1,155
GRN,protein_coding,1,155
MAP2K4,protein_coding,1,154
OS9,protein_coding,1,154
HBP1,transcription_factor,1,153
SKA2,protein_coding,1,152
SLC2A3,protein_coding,1,152
AGPAT2,protein_coding,1,152
BMX,protein_coding,1,151
JUNB,transcription_factor,1,151
USP4,protein_coding,1,148
KCNQ1,protein_coding,1,148
FBXO22,protein_coding,1,148
BRMS1,protein_coding,1,147
CDCP1,protein_coding,1,146
NRIP1,protein_coding,1,146
DYRK1A,protein_coding,1,146
GSTM1,protein_coding,1,146
MGMT,protein_coding,1,146
ERP44,protein_coding,1,145
AP1S2,protein_coding,1,145
HMMR,protein_coding,1,145
SIRT2,protein_coding,1,144
BASP1,protein_coding,1,144
PEG3,transcription_factor,1,143
ITGA11,protein_coding,1,142
EPHX1,protein_coding,1,142
RHOXF2,transcription_factor,1,142
CDCA3,protein_coding,1,142
ARHGDIA,protein_coding,1,141
WNT11,protein_coding,1,141
SEC11A,protein_coding,1,141
KMT5A,protein_coding,1,141
ERBIN,protein_coding,1,141
ERRFI1,protein_coding,1,140
PIAS3,transcription_factor,1,139
TRIM32,protein_coding,1,139
KIF4A,protein_coding,1,139
ITGAX,protein_coding,1,139
PRDX5,protein_coding,1,139
HOXB3,transcription_factor,1,139
CXCL2,protein_coding,1,138
CD36,protein_coding,1,137
CST3,protein_coding,1,136
SGMS2,protein_coding,1,136
SULT1A1,protein_coding,1,134
TIMMDC1,protein_coding,1,134
CCNE2,protein_coding,1,132
HDAC9,protein_coding,1,132
CADM1,protein_coding,1,131
UGP2,protein_coding,1,131
LMNB2,protein_coding,1,131
BABAM2,protein_coding,1,130
GPAM,protein_coding,1,130
BZW1,protein_coding,1,130
ITPKB,protein_coding,1,129
NT5E,protein_coding,1,129
RAI14,protein_coding,1,128
NASP,protein_coding,1,128
TNFRSF10A,protein_coding,1,128
BAG1,protein_coding,1,128
TNFRSF10B,protein_coding,1,127
DDX54,protein_coding,1,127
IMP3,protein_coding,1,126
OSMR,protein_coding,1,126
NEDD9,protein_coding,1,126
SYVN1,protein_coding,1,126
SNIP1,protein_coding,1,125
GIT2,protein_coding,1,125
CAMTA1,transcription_factor,1,124
GAS8,protein_coding,1,124
SEC61G,protein_coding,1,124
SLCO4A1,protein_coding,1,124
NOD2,protein_coding,1,124
TRIM8,protein_coding,1,123
OASL,protein_coding,1,123
PEAK1,protein_coding,1,123
RASSF1,protein_coding,1,123
IL17A,protein_coding,1,122
LYPD3,protein_coding,1,122
PARD3,protein_coding,1,122
DDR2,protein_coding,1,121
HIPK2,protein_coding,1,121
PRKG1,protein_coding,1,121
CALCOCO1,protein_coding,1,120
NR3C2,transcription_factor,1,120
CXCL5,protein_coding,1,120
SIRT3,protein_coding,1,120
CCDC88A,protein_coding,1,119
FBXW8,protein_coding,1,119
COG7,protein_coding,1,118
PPP1R10,protein_coding,1,117
RGS3,protein_coding,1,117
DDA1,protein_coding,1,117
TRIM11,protein_coding,1,117
ZFP91,transcription_factor,1,117
CRLS1,protein_coding,1,117
ANPEP,protein_coding,1,117
BAP1,protein_coding,1,116
HOXD3,transcription_factor,1,116
CNR1,protein_coding,1,116
THAP1,transcription_factor,1,116
ARID1B,transcription_factor,1,115
KIF20A,protein_coding,1,115
PAK3,protein_coding,1,114
ATG9A,protein_coding,1,113
ATOH1,transcription_factor,1,113
TIA1,protein_coding,1,112
FOSL1,transcription_factor,1,111
SUB1,transcription_factor,1,111
CDK19,protein_coding,1,110
KDM4C,protein_coding,1,110
COL6A3,protein_coding,1,110
RLIM,protein_coding,1,110
CCR2,protein_coding,1,109
KDM5B,transcription_factor,1,109
MAP3K11,protein_coding,1,109
TLX3,transcription_factor,1,109
PRR11,protein_coding,1,108
PHF6,protein_coding,1,108
NOX1,protein_coding,1,107
CAPNS1,protein_coding,1,107
WNT6,protein_coding,1,107
DSG1,protein_coding,1,106
PKP2,protein_coding,1,106
ASPM,protein_coding,1,106
CSDE1,transcription_factor,1,106
MTUS1,protein_coding,1,106
CASP2,protein_coding,1,105
RTKN,protein_coding,1,105
IGFBP5,protein_coding,1,104
SMAD6,transcription_factor,1,103
S100A10,protein_coding,1,103
CYP24A1,protein_coding,1,102
PLAU,protein_coding,1,102
EPS8,protein_coding,1,102
ANGPT1,protein_coding,1,101
PLP2,protein_coding,1,101
BCL11A,transcription_factor,1,99
MYLIP,protein_coding,1,99
FBXL3,protein_coding,1,98
RHEB,protein_coding,1,97
LZTS1,protein_coding,1,97
DCLK1,protein_coding,1,97
CLDN7,protein_coding,1,96
NCAPH,protein_coding,1,96
DPYD,protein_coding,1,96
NR2F1,transcription_factor,1,96
CRP,protein_coding,1,96
SPRY4,protein_coding,1,95
LOX,protein_coding,1,95
SETD2,protein_coding,1,95
KDM5C,transcription_factor,1,95
AQP7,protein_coding,1,95
LIMK1,protein_coding,1,95
WNT5B,protein_coding,1,94
FABP5,protein_coding,1,93
BACE1,protein_coding,1,92
RPP25,protein_coding,1,92
DCAF11,protein_coding,1,92
MYCBP,protein_coding,1,92
ID3,transcription_factor,1,92
DYRK2,protein_coding,1,92
S1PR2,protein_coding,1,91
FUT8,protein_coding,1,91
TRAF5,protein_coding,1,91
FERMT2,protein_coding,1,91
CDT1,protein_coding,1,91
WIPF1,protein_coding,1,90
HNRNPUL2,protein_coding,1,89
DLK1,protein_coding,1,89
NCAPG,protein_coding,1,89
SPIN1,protein_coding,1,89
DPP4,protein_coding,1,89
NNMT,protein_coding,1,88
HELLS,protein_coding,1,88
FUBP3,protein_coding,1,88
NR2C2,transcription_factor,1,88
DHX36,protein_coding,1,87
MAP4K3,protein_coding,1,87
CDK13,protein_coding,1,86
FADS1,protein_coding,1,86
FHL1,protein_coding,1,85
LGALS9,protein_coding,1,85
MIA3,protein_coding,1,85
PUM1,protein_coding,1,84
MBD1,transcription_factor,1,83
YTHDF1,protein_coding,1,83
MDK,protein_coding,1,83
GPRC5A,protein_coding,1,83
TFAM,transcription_factor,1,83
NES,protein_coding,1,82
GHRL,protein_coding,1,81
TNFSF14,protein_coding,1,81
SALL1,transcription_factor,1,81
ABCB6,protein_coding,1,81
ERP29,protein_coding,1,81
SIK2,protein_coding,1,81
BRMS1L,protein_coding,1,81
TNFRSF11A,protein_coding,1,81
SLAIN2,protein_coding,1,80
NPHS2,protein_coding,1,80
SENP1,protein_coding,1,80
ATP4B,protein_coding,1,80
ODC1,protein_coding,1,80
CDYL,protein_coding,1,80
GPLD1,protein_coding,1,79
KCNC4,protein_coding,1,79
PSPC1,protein_coding,1,79
PRKD3,protein_coding,1,79
STYX,protein_coding,1,79
SMYD3,protein_coding,1,78
ABCB4,protein_coding,1,78
KCNA3,protein_coding,1,78
PNPLA2,protein_coding,1,78
VPS45,protein_coding,1,78
ST3GAL6,protein_coding,1,78
LIMK2,protein_coding,1,78
CCR7,protein_coding,1,78
OAS3,protein_coding,1,77
CD47,protein_coding,1,77
MED18,protein_coding,1,77
CNR2,protein_coding,1,77
SLIT2,protein_coding,1,77
KDM1B,protein_coding,1,76
KCNK3,protein_coding,1,76
GPC6,protein_coding,1,76
PLK2,protein_coding,1,76
AGGF1,protein_coding,1,76
DROSHA,protein_coding,1,76
LIN7A,protein_coding,1,75
VMA21,protein_coding,1,75
BMF,protein_coding,1,74
PLAGL2,transcription_factor,1,73
SHCBP1,protein_coding,1,73
PHF14,protein_coding,1,73
BATF3,transcription_factor,1,73
RNF144B,protein_coding,1,73
PDE5A,protein_coding,1,72
RAP2A,protein_coding,1,72
MSL2,protein_coding,1,72
ZNRF2,protein_coding,1,71
MAP4K1,protein_coding,1,70
UCP2,protein_coding,1,70
SFRP2,protein_coding,1,70
TEAD4,transcription_factor,1,70
SIX1,transcription_factor,1,69
EEF2K,protein_coding,1,69
CHD7,protein_coding,1,69
SNCAIP,protein_coding,1,69
TIMM17A,protein_coding,1,69
FOXN3,transcription_factor,1,69
TRPS1,transcription_factor,1,68
PLSCR4,protein_coding,1,68
SIK1,protein_coding,1,68
IER3,protein_coding,1,67
PTTG1,protein_coding,1,67
ANXA11,protein_coding,1,66
RGS17,protein_coding,1,66
LOXL2,protein_coding,1,66
KCNH1,protein_coding,1,66
SNX17,protein_coding,1,66
SEMA4C,protein_coding,1,66
SIVA1,protein_coding,1,65
ACE2,protein_coding,1,65
DACH1,protein_coding,1,65
SOX10,transcription_factor,1,65
PDPN,protein_coding,1,65
SDAD1,protein_coding,1,65
PLK3,protein_coding,1,64
TSPAN3,protein_coding,1,63
STC1,protein_coding,1,63
RAB34,protein_coding,1,63
C1QB,protein_coding,1,63
HOXB7,transcription_factor,1,63
ALKBH5,protein_coding,1,62
STK39,protein_coding,1,62
HOXD10,transcription_factor,1,62
NUSAP1,protein_coding,1,62
AGPS,protein_coding,1,62
DNAJB9,protein_coding,1,62
DTX3,protein_coding,1,62
DYNC2LI1,protein_coding,1,62
ARHGAP11A,protein_coding,1,61
HLA-G,protein_coding,1,61
ANGPT2,protein_coding,1,61
SPARC,protein_coding,1,61
ALG9,protein_coding,1,61
GALNT7,protein_coding,1,61
PPM1E,protein_coding,1,60
SRGAP1,protein_coding,1,60
HEYL,transcription_factor,1,60
UFC1,protein_coding,1,60
COQ8B,protein_coding,1,59
ESRP2,protein_coding,1,59
CAMK1D,protein_coding,1,59
RBM33,protein_coding,1,59
NFAT5,transcription_factor,1,59
DLX1,transcription_factor,1,59
CTLA4,protein_coding,1,58
PMAIP1,protein_coding,1,57
KLF10,transcription_factor,1,57
TNFRSF21,protein_coding,1,57
NISCH,protein_coding,1,57
SELE,protein_coding,1,57
F10,protein_coding,1,56
GPD1L,protein_coding,1,56
CDH3,protein_coding,1,55
NR4A3,transcription_factor,1,55
DLGAP1,protein_coding,1,55
MST1,protein_coding,1,55
RNF38,protein_coding,1,55
RGS1,protein_coding,1,55
ADAM9,protein_coding,1,54
CARD8,protein_coding,1,54
ATXN7L3,protein_coding,1,54
RBM19,protein_coding,1,54
NEU1,protein_coding,1,54
SMOC1,protein_coding,1,54
ANKRD1,protein_coding,1,53
TIMM8A,protein_coding,1,53
APOBEC3C,protein_coding,1,53
IQGAP3,protein_coding,1,53
PARP9,protein_coding,1,53
AFAP1,protein_coding,1,52
PUM2,protein_coding,1,52
JDP2,transcription_factor,1,51
PPP1R1B,protein_coding,1,51
METAP1,protein_coding,1,51
LRIG1,protein_coding,1,51
FTMT,protein_coding,1,51
KLF15,transcription_factor,1,51
ZNFX1,protein_coding,1,51
MUC6,protein_coding,1,50
KLF13,transcription_factor,1,50
KLF3,transcription_factor,1,50
EBF1,transcription_factor,1,50
MBTD1,protein_coding,1,50
TRIM16,protein_coding,1,49
MCAM,protein_coding,1,49
AFF1,transcription_factor,1,49
PIM2,protein_coding,1,49
SSTR5,protein_coding,1,49
NELL2,protein_coding,1,49
SHOX2,transcription_factor,1,47
BRWD1,protein_coding,1,47
EGFL7,protein_coding,1,47
PTBP2,protein_coding,1,47
PODXL,protein_coding,1,47
CERS6,transcription_factor,1,46
GPR39,protein_coding,1,46
DEDD,protein_coding,1,46
POU4F1,transcription_factor,1,46
S100A11,protein_coding,1,46
HES5,transcription_factor,1,46
ZBTB4,transcription_factor,1,46
RBM24,protein_coding,1,46
SEMA3B,protein_coding,1,46
TLR7,protein_coding,1,46
CNN1,protein_coding,1,45
PDCD1LG2,protein_coding,1,45
TUBA4B,protein_coding,1,45
S100A1,protein_coding,1,44
MTSS1,protein_coding,1,44
NR4A2,transcription_factor,1,44
BDH2,protein_coding,1,44
CCNL1,protein_coding,1,43
MAGI2,protein_coding,1,43
NET1,protein_coding,1,43
ADGRL2,protein_coding,1,43
PCSK9,protein_coding,1,43
ARFRP1,protein_coding,1,42
OAS2,protein_coding,1,42
HNF4G,transcription_factor,1,42
ATG4B,protein_coding,1,42
TCL1A,protein_coding,1,42
ADAMTS1,protein_coding,1,41
PRAM1,protein_coding,1,41
RGS4,protein_coding,1,41
PGF,protein_coding,1,41
PCDHB5,protein_coding,1,40
STXBP4,protein_coding,1,40
RABL3,protein_coding,1,40
WNK2,protein_coding,1,40
ARC,protein_coding,1,40
GREM1,protein_coding,1,40
GINS2,protein_coding,1,40
HAND2,transcription_factor,1,39
NLRX1,protein_coding,1,39
LRG1,protein_coding,1,39
CBLL1,protein_coding,1,39
DMTF1,protein_coding,1,38
PDK2,protein_coding,1,38
ABCC10,protein_coding,1,37
ALX4,transcription_factor,1,37
S100P,protein_coding,1,37
ABCC3,protein_coding,1,36
PCDHA1,protein_coding,1,36
SOX3,transcription_factor,1,36
KANK1,protein_coding,1,35
PLXNC1,protein_coding,1,35
CLNK,protein_coding,1,35
ST7L,protein_coding,1,35
PREX2,protein_coding,1,35
CHRAC1,protein_coding,1,35
NETO2,protein_coding,1,35
TRDMT1,protein_coding,1,34
ZNF277,protein_coding,1,34
NTM,protein_coding,1,34
ESM1,protein_coding,1,34
IRX5,transcription_factor,1,33
NUDT19,protein_coding,1,33
MMP10,protein_coding,1,33
TET3,protein_coding,1,33
TSPYL4,protein_coding,1,33
EHD2,protein_coding,1,33
SRGN,protein_coding,1,32
SAPCD2,protein_coding,1,31
TMEM9,protein_coding,1,31
EIF5A2,protein_coding,1,31
SCAI,protein_coding,1,31
ARHGAP18,protein_coding,1,30
TBX21,transcription_factor,1,30
MFAP2,protein_coding,1,29
TRIM65,protein_coding,1,29
LTBP3,protein_coding,1,29
KLF16,transcription_factor,1,29
KCTD20,protein_coding,1,29
OPN1LW,protein_coding,1,29
FAM83A,protein_coding,1,28
TLR10,protein_coding,1,28
MMP12,protein_coding,1,28
CAMP,protein_coding,1,28
CDCA7,protein_coding,1,27
OGFR,protein_coding,1,27
CLDN8,protein_coding,1,27
PRUNE2,protein_coding,1,27
APOBEC3G,protein_coding,1,26
CHI3L1,protein_coding,1,26
DIRAS3,protein_coding,1,25
APOBEC3B,protein_coding,1,25
PLEKHO2,protein_coding,1,25
TSLP,protein_coding,1,25
NUDT1,protein_coding,1,24
CALN1,protein_coding,1,24
CLIC5,protein_coding,1,24
ANO1,protein_coding,1,24
SUSD2,protein_coding,1,24
DONSON,protein_coding,1,23
CTHRC1,protein_coding,1,23
ABI3BP,protein_coding,1,23
RGMB,protein_coding,1,23
CCDC80,protein_coding,1,22
PIWIL4,protein_coding,1,22
CD164,protein_coding,1,22
ROMO1,protein_coding,1,22
TM9SF2,protein_coding,1,22
EN2,transcription_factor,1,22
TUB,transcription_factor,1,22
CARF,protein_coding,1,22
ADAMTS9,protein_coding,1,21
CRYAA,protein_coding,1,21
GSKIP,protein_coding,1,21
WWC2,protein_coding,1,21
RCCD1,protein_coding,1,21
GSDME,protein_coding,1,21
GAS1,protein_coding,1,20
SOX8,transcription_factor,1,20
GPNMB,protein_coding,1,20
FOXN2,transcription_factor,1,20
RASSF6,protein_coding,1,19
SOX17,transcription_factor,1,19
CYB5R2,protein_coding,1,19
APOC4,protein_coding,1,19
BOK,protein_coding,1,18
LGR5,protein_coding,1,18
CPEB1,protein_coding,1,18
CD276,protein_coding,1,18
TBX4,transcription_factor,1,18
REXO2,protein_coding,1,17
APOM,protein_coding,1,17
SNX16,protein_coding,1,17
MYRF,transcription_factor,1,17
MMP19,protein_coding,1,17
SOX11,transcription_factor,1,17
ADAM19,protein_coding,1,17
CLDN11,protein_coding,1,17
MTBP,protein_coding,1,16
HOPX,transcription_factor,1,16
JAM2,protein_coding,1,16
ASTN1,protein_coding,1,16
PHOX2A,transcription_factor,1,16
PPP1R1A,protein_coding,1,16
SCUBE2,protein_coding,1,16
TMEFF2,protein_coding,1,16
IL21R,protein_coding,1,15
IFI27,protein_coding,1,14
CCNJ,protein_coding,1,14
C1QTNF3,protein_coding,1,14
TATDN2,protein_coding,1,14
CEACAM5,protein_coding,1,13
RBM38,protein_coding,1,13
DRAM1,protein_coding,1,13
ANGPTL3,protein_coding,1,13
HILPDA,protein_coding,1,13
MBNL3,protein_coding,1,12
MAP1LC3B2,protein_coding,1,11
AIFM2,protein_coding,1,11
FUT6,protein_coding,1,10
TOX,transcription_factor,1,10
DLX6,transcription_factor,1,9
VASH2,protein_coding,1,9
KLK4,protein_coding,1,9
ANGPT4,protein_coding,1,9
LBH,protein_coding,1,8
CFAP45,protein_coding,1,7
ANXA10,protein_coding,1,7
CAMK2N2,protein_coding,1,7
AJAP1,protein_coding,1,6
LAYN,protein_coding,1,6
MT1F,protein_coding,1,6
HTRA3,protein_coding,1,5
IGFL1,protein_coding,1,3
LBX2,transcription_factor,1,3
SMIM10L2A,protein_coding,1,3
A1BG-AS1,lncRNA,1,1
ABALON,lncRNA,1,1
LINC01546,lncRNA,1,1
ALMS1-IT1,lncRNA,1,1
ARHGAP5-AS1,lncRNA,1,1
ATXN8OS,lncRNA,1,1
B3GALT5-AS1,lncRNA,1,1
BALR6,lncRNA,1,1
TLX1,transcription_factor,1,1
RAX2,transcription_factor,1,1
BGLT3,lncRNA,1,1
BISPR,lncRNA,1,1
BTG3-AS1,lncRNA,1,1
C1QTNF1-AS1,lncRNA,1,1
MIR1972-1,miRNA,1,1
CA3-AS1,lncRNA,1,1
CACNA1G-AS1,lncRNA,1,1
KLK12,protein_coding,1,1
MIR362,miRNA,1,1
CASC21,lncRNA,1,1
CASC8,lncRNA,1,1
COMMD3-BMI1,protein_coding,1,1
POU5F1B,protein_coding,1,1
CDH13-AS1,lncRNA,1,1
CDK6-AS1,lncRNA,1,1
MIR191,miRNA,1,1
MIR411,miRNA,1,1
MIR99A,miRNA,1,1
ENSG00000284934,protein_coding,1,1
MIR323B,miRNA,1,1
MIR4440,miRNA,1,1
MIR33B,miRNA,1,1
PBOV1,protein_coding,1,1
DACOR1,lncRNA,1,1
MIR758,miRNA,1,1
MIR582,miRNA,1,1
DEPTOR-AS1,lncRNA,1,1
DICER1-AS1,lncRNA,1,1
DINOL,lncRNA,1,1
MIR337,miRNA,1,1
DLEU7,protein_coding,1,1
DLGAP1-AS2,lncRNA,1,1
E2F3-IT1,lncRNA,1,1
EGILA,lncRNA,1,1
ENSG00000224079,lncRNA,1,1
ENSG00000224722,pseudogene,1,1
ENSG00000224814,lncRNA,1,1
ENSG00000227706,lncRNA,1,1
ENSG00000229170,lncRNA,1,1
ENSG00000231918,lncRNA,1,1
ENSG00000232855,lncRNA,1,1
ENSG00000236833,lncRNA,1,1
ENSG00000257241,lncRNA,1,1
ENSG00000198211,protein_coding,1,1
ENSG00000260838,lncRNA,1,1
ENSG00000261347,lncRNA,1,1
ENSG00000267601,lncRNA,1,1
ENSG00000272468,lncRNA,1,1
ETS1-AS1,lncRNA,1,1
F11-AS1,lncRNA,1,1
FAM225B,lncRNA,1,1
FAM99A,lncRNA,1,1
MIR4443,miRNA,1,1
FGF14-AS2,lncRNA,1,1
FILNC1,lncRNA,1,1
MIR30B,miRNA,1,1
FOXD1-AS1,lncRNA,1,1
MIR4492,miRNA,1,1
FRGCA,lncRNA,1,1
LETR1,lncRNA,1,1
RIGI,protein_coding,1,1
FUNDC2P4,pseudogene,1,1
GABPB1-AS1,lncRNA,1,1
GALNT7-DT,lncRNA,1,1
MIR575,miRNA,1,1
MIR301A,miRNA,1,1
SNORD50A,snoRNA,1,1
MIR421,miRNA,1,1
GPC3-AS1,lncRNA,1,1
GRIK1-AS1,lncRNA,1,1
GSC-DT,lncRNA,1,1
MIR484,miRNA,1,1
SNORA7A,snoRNA,1,1
VGF,protein_coding,1,1
ISM1,protein_coding,1,1
MIR6515,miRNA,1,1
MIR147A,miRNA,1,1
MIR139,miRNA,1,1
MIR939,miRNA,1,1
HK2P1,pseudogene,1,1
HLA-F-AS1,lncRNA,1,1
HMGA2-AS1,lncRNA,1,1
HMMR-AS1,lncRNA,1,1
HNF4A-AS1,lncRNA,1,1
PRG1,lncRNA,1,1
MIR520A,miRNA,1,1
MIR520C,miRNA,1,1
SPNS2,protein_coding,1,1
HOXA10-AS,lncRNA,1,1
HOXC-AS2,lncRNA,1,1
HSPA7,pseudogene,1,1
BPY2C,protein_coding,1,1
IL21-AS1,lncRNA,1,1
ITGAL-AS1,lncRNA,1,1
KCNK15-AS1,lncRNA,1,1
KDM4A-AS1,lncRNA,1,1
KRT7-AS,lncRNA,1,1
LACAT1,lncRNA,1,1
LAMTOR5-AS1,lncRNA,1,1
LASP1NB,protein_coding,1,1
LCAL1,lncRNA,1,1
LCT-AS1,lncRNA,1,1
LIN28B-AS1,lncRNA,1,1
MIR524,miRNA,1,1
MIR543,miRNA,1,1
MIR576,miRNA,1,1
LINC00114,lncRNA,1,1
ZNF596,transcription_factor,1,1
LINC00160,lncRNA,1,1
LINC00222,lncRNA,1,1
LINC00240,lncRNA,1,1
LINC00242,lncRNA,1,1
TIMP4,protein_coding,1,1
LINC00265,lncRNA,1,1
LINC00299,lncRNA,1,1
LINC00304,lncRNA,1,1
LINC00311,lncRNA,1,1
ZIC4,transcription_factor,1,1
MIR32,miRNA,1,1
LINC00320,lncRNA,1,1
CFAP251,protein_coding,1,1
LINC00400,lncRNA,1,1
LINC00423,lncRNA,1,1
LINC00459,lncRNA,1,1
MIR1224,miRNA,1,1
MIR30A,miRNA,1,1
TRGJP2,protein_coding,1,1
LINC00477,lncRNA,1,1
LINC00485,lncRNA,1,1
LINC00491,lncRNA,1,1
MIR1244-1,miRNA,1,1
LINC00519,lncRNA,1,1
LINC00526,lncRNA,1,1
LINC00528,lncRNA,1,1
LINC00629,lncRNA,1,1
ZBTB20,transcription_factor,1,1
LINC00645,lncRNA,1,1
LINC00682,lncRNA,1,1
LINC00689,lncRNA,1,1
LINC00691,lncRNA,1,1
MIR3666,miRNA,1,1
LINC00844,lncRNA,1,1
LINC00852,lncRNA,1,1
MIR3182,miRNA,1,1
LINC00920,lncRNA,1,1
LINC00987,lncRNA,1,1
LINC00994,lncRNA,1,1
LINC01013,lncRNA,1,1
LINC01018,lncRNA,1,1
LINC01111,lncRNA,1,1
LINC01126,lncRNA,1,1
LINC01128,lncRNA,1,1
AHDC1,protein_coding,1,1
MIR1262,miRNA,1,1
LINC01170,lncRNA,1,1
LINC01189,lncRNA,1,1
MIR2467,miRNA,1,1
LINC01342,lncRNA,1,1
LINC01352,lncRNA,1,1
LINC01355,lncRNA,1,1
LINC01385,lncRNA,1,1
LINC01426,lncRNA,1,1
LINC01537,lncRNA,1,1
LINC01555,lncRNA,1,1
LINC01559,lncRNA,1,1
LINC01567,lncRNA,1,1
MIR493,miRNA,1,1
LINC01606,lncRNA,1,1
LINC01612,lncRNA,1,1
LINC01615,lncRNA,1,1
LINC01619,lncRNA,1,1
BPtranscription_factor,protein_coding,1,1
LINC01714,lncRNA,1,1
LINC01929,lncRNA,1,1
LINC01980,lncRNA,1,1
LINC02023,lncRNA,1,1
LINC02200,lncRNA,1,1
LINC02245,lncRNA,1,1
LINC02465,lncRNA,1,1
LINC02582,lncRNA,1,1
LINC02605,lncRNA,1,1
LINC02620,lncRNA,1,1
LINC03046,lncRNA,1,1
ZNF217,transcription_factor,1,1
LOC100129148,lncRNA,1,1
LOC105372579,lncRNA,1,1
LOC105375913,lncRNA,1,1
LPAL2,pseudogene,1,1
MIR5702,miRNA,1,1
MIR302D,miRNA,1,1
MAILR,lncRNA,1,1
MIR873,miRNA,1,1
MCTP1-AS1,lncRNA,1,1
MIR184,miRNA,1,1
MIR708,miRNA,1,1
TIGIT,protein_coding,1,1
MIR345,miRNA,1,1
MIR770,miRNA,1,1
MIR1246,miRNA,1,1
MIR339,miRNA,1,1
MIR1258,miRNA,1,1
MIR802,miRNA,1,1
MIR181A2HG,lncRNA,1,1
MIR192,miRNA,1,1
TWIST2,transcription_factor,1,1
MIR215,miRNA,1,1
MIR223HG,lncRNA,1,1
MIR29B2CHG,lncRNA,1,1
MIR34AHG,lncRNA,1,1
MIR365A,miRNA,1,1
MIR370,miRNA,1,1
MIR376C,miRNA,1,1
MIR3936HG,lncRNA,1,1
MIR6754,miRNA,1,1
MIR497HG,lncRNA,1,1
MIR489,miRNA,1,1
MIR570HG,lncRNA,1,1
MIR7-3HG,lncRNA,1,1
MKLN1-AS,lncRNA,1,1
MST1P2,pseudogene,1,1
MSTO2P,pseudogene,1,1
MTCO2P12,pseudogene,1,1
FIRRE,lncRNA,1,1
NALT1,lncRNA,1,1
MIR483,miRNA,1,1
MIR499B,miRNA,1,1
BMAL1,transcription_factor,1,1
MIR181D,miRNA,1,1
MIRLET7G,miRNA,1,1
NFIA-AS2,lncRNA,1,1
NKX2-1-AS1,lncRNA,1,1
MIR556,miRNA,1,1
MIR496,miRNA,1,1
NR4A1AS,lncRNA,1,1
MIR25,miRNA,1,1
MIR378A,miRNA,1,1
MIR641,miRNA,1,1
MIR1227,miRNA,1,1
MIR4516,miRNA,1,1
PDCD4-AS1,lncRNA,1,1
SEPTIN6,protein_coding,1,1
PDPK2P,pseudogene,1,1
PEBP1P2,pseudogene,1,1
MIR3200,miRNA,1,1
PGK1P2,pseudogene,1,1
MIR4701,miRNA,1,1
MIR573,miRNA,1,1
POU6F2-AS2,lncRNA,1,1
PPP1R13B-DT,lncRNA,1,1
PRAL,lncRNA,1,1
WDR18,protein_coding,1,1
PRKCQ-AS1,lncRNA,1,1
PSMD6-AS1,lncRNA,1,1
PSMG3-AS1,lncRNA,1,1
PTCSC1,lncRNA,1,1
PURPL,lncRNA,1,1
MIR30D,miRNA,1,1
MIR486-1,miRNA,1,1
PWAR5,lncRNA,1,1
RAB11B-AS1,lncRNA,1,1
RAB4B-EGLN2,protein_coding,1,1
RAMP2-AS1,lncRNA,1,1
MIR4261,miRNA,1,1
RN7SKP4,pseudogene,1,1
RNF32-DT,lncRNA,1,1
ROCR,lncRNA,1,1
MIR4686,miRNA,1,1
MIR504,miRNA,1,1
RSU1P2,pseudogene,1,1
SAP30-DT,lncRNA,1,1
SCAT1,lncRNA,1,1
SIRLNT,lncRNA,1,1
SIRT1-AS,lncRNA,1,1
SLC16A1-AS1,lncRNA,1,1
SLC25A5-AS1,lncRNA,1,1
SLC7A11-AS1,lncRNA,1,1
SMIM31,protein_coding,1,1
SMIM45,protein_coding,1,1
SNAI3-AS1,lncRNA,1,1
SND1-IT1,lncRNA,1,1
HES2,transcription_factor,1,1
SCARNA13,scaRNA,1,1
MIR3690,miRNA,1,1
CCN5,protein_coding,1,1
SOX18,transcription_factor,1,1
SEMA5A,protein_coding,1,1
MIR4486,miRNA,1,1
ZIC5,transcription_factor,1,1
MIR4465,miRNA,1,1
MIR381,miRNA,1,1
MIR663AHG,lncRNA,1,1
SOD2-OT1,lncRNA,1,1
FARSA-AS1,lncRNA,1,1
THAP7-AS1,lncRNA,1,1
MIR208A,miRNA,1,1
RN7SK,snRNA,1,1
LINC00165,lncRNA,1,1
STXBP5-AS1,lncRNA,1,1
SUMO1P4,pseudogene,1,1
SUMO1P5,pseudogene,1,1
SYNE1-AS1,lncRNA,1,1
TALAM1,lncRNA,1,1
TANAR,lncRNA,1,1
TATDN3,protein_coding,1,1
TERLR1,lncRNA,1,1
TMEM18-DT,lncRNA,1,1
TNFRSF10A-DT,lncRNA,1,1
MIR607,miRNA,1,1
TPM1-AS,lncRNA,1,1
MIR671,miRNA,1,1
TRG-AS1,lncRNA,1,1
TSIX,lncRNA,1,1
MIR376B,miRNA,1,1
MIR4677,miRNA,1,1
MIR300,miRNA,1,1
MIR371A,miRNA,1,1
TMPRSS11E,protein_coding,1,1
UICLM,lncRNA,1,1
MIRLET7I,miRNA,1,1
VLDLR-AS1,lncRNA,1,1
VPS13B-DT,lncRNA,1,1
WWC2-AS1,lncRNA,1,1
WWTR1-AS1,lncRNA,1,1
XIAP-AS1,lncRNA,1,1
MIR125B2,miRNA,1,1
MIR367,miRNA,1,1
BTF3P11,pseudogene,1,1
ENSG00000263080,lncRNA,1,1
MIR23C,miRNA,1,1
MIR432,miRNA,1,1
MIR647,miRNA,1,1
ZNF407-AS1,lncRNA,1,1
ZNF496-DT,lncRNA,1,1
ZNF750,protein_coding,1,1
ZRANB2,protein_coding,1,1
